title,authors,url,conference
Near-Optimal Multi-Perturbation Experimental Design for Causal Structure Learning,"Scott Sussex, Caroline Uhler, Andreas Krause",https://papers.nips.cc//paper/2021/hash/06d5ae105ea1bea4d800bc96491876e9-Abstract.html,NeurIPS 2021
Iterative Causal Discovery in the Possible Presence of Latent Confounders and Selection Bias,"Raanan Y. Rohekar, Shami Nisimov, Yaniv Gurwicz, Gal Novik",https://papers.nips.cc//paper/2021/hash/144a3f71a03ab7c4f46f9656608efdb2-Abstract.html,NeurIPS 2021
Object-Aware Regularization for Addressing Causal Confusion in Imitation Learning,"Jongjin Park, Younggyo Seo, Chang Liu, Li Zhao, Tao Qin, Jinwoo Shin, Tie-Yan Liu",https://papers.nips.cc//paper/2021/hash/17a3120e4e5fbdc3cb5b5f946809b06a-Abstract.html,NeurIPS 2021
BayesIMP: Uncertainty Quantification for Causal Data Fusion,"Siu Lun Chau, Jean-Francois Ton, Javier González, Yee Teh, Dino Sejdinovic",https://papers.nips.cc//paper/2021/hash/1ca5c750a30312d1919ae6a4d636dcc4-Abstract.html,NeurIPS 2021
Invariant Causal Imitation Learning for Generalizable Policies,"Ioana Bica, Daniel Jarrett, Mihaela van der Schaar",https://papers.nips.cc//paper/2021/hash/204904e461002b28511d5880e1c36a0f-Abstract.html,NeurIPS 2021
A Critical Look at the Consistency of Causal Estimation with Deep Latent Variable Models,"Severi Rissanen, Pekka Marttinen",https://papers.nips.cc//paper/2021/hash/21c5bba1dd6aed9ab48c2b34c1a0adde-Abstract.html,NeurIPS 2021
Instance-dependent Label-noise Learning under a Structural Causal Model,"Yu Yao, Tongliang Liu, Mingming Gong, Bo Han, Gang Niu, Kun Zhang",https://papers.nips.cc//paper/2021/hash/23451391cd1399019fa0421129066bc6-Abstract.html,NeurIPS 2021
A Topological Perspective on Causal Inference,"Duligur Ibeling, Thomas Icard",https://papers.nips.cc//paper/2021/hash/2c463dfdde588f3bfc60d53118c10d6b-Abstract.html,NeurIPS 2021
Learning Causal Semantic Representation for Out-of-Distribution Prediction,"Chang Liu, Xinwei Sun, Jindong Wang, Haoyue Tang, Tao Li, Tao Qin, Wei Chen, Tie-Yan Liu",https://papers.nips.cc//paper/2021/hash/310614fca8fb8e5491295336298c340f-Abstract.html,NeurIPS 2021
BCD Nets: Scalable Variational Approaches for Bayesian Causal Discovery,"Chris Cundy, Aditya Grover, Stefano Ermon",https://papers.nips.cc//paper/2021/hash/39799c18791e8d7eb29704fc5bc04ac8-Abstract.html,NeurIPS 2021
Causal Identification with Matrix Equations,"Sanghack Lee, Elias Bareinboim",https://papers.nips.cc//paper/2021/hash/4ea06fbc83cdd0a06020c35d50e1e89a-Abstract.html,NeurIPS 2021
Causal Abstractions of Neural Networks,"Atticus Geiger, Hanson Lu, Thomas Icard, Christopher Potts",https://papers.nips.cc//paper/2021/hash/4f5c422f4d49a5a807eda27434231040-Abstract.html,NeurIPS 2021
Recursive Causal Structure Learning in the Presence of Latent Variables and Selection Bias,"Sina Akbari, Ehsan Mokhtarian, AmirEmad Ghassami, Negar Kiyavash",https://papers.nips.cc//paper/2021/hash/53edebc543333dfbf7c5933af792c9c4-Abstract.html,NeurIPS 2021
Dynamic Causal Bayesian Optimization,"Virginia Aglietti, Neil Dhir, Javier González, Theodoros Damoulas",https://papers.nips.cc//paper/2021/hash/577bcc914f9e55d5e4e4f82f9f00e7d4-Abstract.html,NeurIPS 2021
"The Causal-Neural Connection: Expressiveness, Learnability, and Inference","Kevin Xia, Kai-Zhan Lee, Yoshua Bengio, Elias Bareinboim",https://papers.nips.cc//paper/2021/hash/5989add1703e4b0480f75e2390739f34-Abstract.html,NeurIPS 2021
Multi-task Learning of Order-Consistent Causal Graphs,"Xinshi Chen, Haoran Sun, Caleb Ellington, Eric Xing, Le Song",https://papers.nips.cc//paper/2021/hash/5c3a3b139a11689e0bc55abd95e20e39-Abstract.html,NeurIPS 2021
How Well do Feature Visualizations Support Causal Understanding of CNN Activations?,"Roland S. Zimmermann, Judy Borowski, Robert Geirhos, Matthias Bethge, Thomas Wallis, Wieland Brendel",https://papers.nips.cc//paper/2021/hash/618faa1728eb2ef6e3733645273ab145-Abstract.html,NeurIPS 2021
Answering Complex Causal Queries With the Maximum Causal Set Effect,Zachary Markovich,https://papers.nips.cc//paper/2021/hash/670f0c94cc5271fe6017eeffa642b7d3-Abstract.html,NeurIPS 2021
Causal Navigation by Continuous-time Neural Networks,"Charles Vorbach, Ramin Hasani, Alexander Amini, Mathias Lechner, Daniela Rus",https://papers.nips.cc//paper/2021/hash/67ba02d73c54f0b83c05507b7fb7267f-Abstract.html,NeurIPS 2021
Collaborative Causal Discovery with Atomic Interventions,"Raghavendra Addanki, Shiva Kasiviswanathan",https://papers.nips.cc//paper/2021/hash/6a1a681b16826ba2e48fedb229db3b65-Abstract.html,NeurIPS 2021
"Statistical Undecidability in Linear, Non-Gaussian Causal Models in the Presence of Latent Confounders",Konstantin Genin,https://papers.nips.cc//paper/2021/hash/70d355680e628fe1c552221f690d8da4-Abstract.html,NeurIPS 2021
Sequential Causal Imitation Learning with Unobserved Confounders,"Daniel Kumor, Junzhe Zhang, Elias Bareinboim",https://papers.nips.cc//paper/2021/hash/7b670d553471ad0fd7491c75bad587ff-Abstract.html,NeurIPS 2021
Actively Identifying Causal Effects with Latent Variables Given Only Response Variable Observable,"Tian-Zuo Wang, Zhi-Hua Zhou",https://papers.nips.cc//paper/2021/hash/7e7e69ea3384874304911625ac34321c-Abstract.html,NeurIPS 2021
Interventional Sum-Product Networks: Causal Inference with Tractable Probabilistic Models,"Matej Zečević, Devendra Dhami, Athresh Karanam, Sriraam Natarajan, Kristian Kersting",https://papers.nips.cc//paper/2021/hash/7eb7eabbe9bd03c2fc99881d04da9cbd-Abstract.html,NeurIPS 2021
Necessary and sufficient graphical conditions for optimal adjustment sets in causal graphical models with hidden variables,Jakob Runge,https://papers.nips.cc//paper/2021/hash/8485ae387a981d783f8764e508151cd9-Abstract.html,NeurIPS 2021
Recovering Latent Causal Factor for Generalization to Distributional Shifts,"Xinwei Sun, Botong Wu, Xiangyu Zheng, Chang Liu, Wei Chen, Tao Qin, Tie-Yan Liu",https://papers.nips.cc//paper/2021/hash/8c6744c9d42ec2cb9e8885b54ff744d0-Abstract.html,NeurIPS 2021
Causal Inference for Event Pairs in Multivariate Point Processes,"Tian Gao, Dharmashankar Subramanian, Debarun Bhattacharjya, Xiao Shou, Nicholas Mattei, Kristin P Bennett",https://papers.nips.cc//paper/2021/hash/9078f2a8254704bd760460f027072e52-Abstract.html,NeurIPS 2021
Learning latent causal graphs via mixture oracles,"Bohdan Kivva, Goutham Rajendran, Pradeep Ravikumar, Bryon Aragam",https://papers.nips.cc//paper/2021/hash/966aad8981dcc75b5b8ab04427a833b2-Abstract.html,NeurIPS 2021
Matching a Desired Causal State via Shift Interventions,"Jiaqi Zhang, Chandler Squires, Caroline Uhler",https://papers.nips.cc//paper/2021/hash/a5a61717dddc3501cfdf7a4e22d7dbaa-Abstract.html,NeurIPS 2021
Reliable Causal Discovery with Improved Exact Search and Weaker Assumptions,"Ignavier Ng, Yujia Zheng, Jiji Zhang, Kun Zhang",https://papers.nips.cc//paper/2021/hash/a9b4ec2eb4ab7b1b9c3392bb5388119d-Abstract.html,NeurIPS 2021
Efficient Online Estimation of Causal Effects by Deciding What to Observe,"Shantanu Gupta, Zachary Lipton, David Childers",https://papers.nips.cc//paper/2021/hash/af8d1eb220186400c494db7091e402b0-Abstract.html,NeurIPS 2021
Provably Efficient Causal Reinforcement Learning with Confounded Observational Data,"Lingxiao Wang, Zhuoran Yang, Zhaoran Wang",https://papers.nips.cc//paper/2021/hash/b0b79da57b95837f14be95aaa4d54cf8-Abstract.html,NeurIPS 2021
Asymptotically Best Causal Effect Identification with Multi-Armed Bandits,"Alan Malek, Silvia Chiappa",https://papers.nips.cc//paper/2021/hash/b8102d1fa5df93e62cf26cd4400a0727-Abstract.html,NeurIPS 2021
Comprehensive Knowledge Distillation with Causal Intervention,"Xiang Deng, Zhongfei Zhang",https://papers.nips.cc//paper/2021/hash/b9f35816f460ab999cbc168c4da26ff3-Abstract.html,NeurIPS 2021
DECAF:  Generating Fair Synthetic Data Using Causally-Aware Generative Networks,"Boris van Breugel, Trent Kyono, Jeroen Berrevoets, Mihaela van der Schaar",https://papers.nips.cc//paper/2021/hash/ba9fab001f67381e56e410575874d967-Abstract.html,NeurIPS 2021
Identification of Partially Observed Linear Causal Models: Graphical Conditions for the Non-Gaussian and Heterogeneous Cases,"Jeffrey Adams, Niels Hansen, Kun Zhang",https://papers.nips.cc//paper/2021/hash/c0f6fb5d3a389de216345e490469145e-Abstract.html,NeurIPS 2021
Causal Influence Detection for Improving Efficiency in Reinforcement Learning,"Maximilian Seitzer, Bernhard Schölkopf, Georg Martius",https://papers.nips.cc//paper/2021/hash/c1722a7941d61aad6e651a35b65a9c3e-Abstract.html,NeurIPS 2021
MIRACLE: Causally-Aware Imputation via Learning Missing Data Mechanisms,"Trent Kyono, Yao Zhang, Alexis Bellot, Mihaela van der Schaar",https://papers.nips.cc//paper/2021/hash/c80bcf42c220b8f5c41f85344242f1b0-Abstract.html,NeurIPS 2021
Causal Bandits with Unknown Graph Structure,"Yangyi Lu, Amirhossein Meisami, Ambuj Tewari",https://papers.nips.cc//paper/2021/hash/d010396ca8abf6ead8cacc2c2f2f26c7-Abstract.html,NeurIPS 2021
Causal Effect Inference for Structured Treatments,"Jean Kaddour, Yuchen Zhu, Qi Liu, Matt J. Kusner, Ricardo Silva",https://papers.nips.cc//paper/2021/hash/d02e9bdc27a894e882fa0c9055c99722-Abstract.html,NeurIPS 2021
A Causal Lens for Controllable Text Generation,"Zhiting Hu, Li Erran Li",https://papers.nips.cc//paper/2021/hash/d0f5edad9ac19abed9e235c0fe0aa59f-Abstract.html,NeurIPS 2021
Deep Proxy Causal Learning and its Application to Confounded Bandit Policy Evaluation,"Liyuan Xu, Heishiro Kanagawa, Arthur Gretton",https://papers.nips.cc//paper/2021/hash/dcf3219715a7c9cd9286f19db46f2384-Abstract.html,NeurIPS 2021
Learning Generalized Gumbel-max Causal Mechanisms,"Guy Lorberbom, Daniel D. Johnson, Chris J. Maddison, Daniel Tarlow, Tamir Hazan",https://papers.nips.cc//paper/2021/hash/e143c01e314f7b950daca31188cb5d0f-Abstract.html,NeurIPS 2021
Beware of the Simulated DAG! Causal Discovery Benchmarks May Be Easy to Game,"Alexander Reisach, Christof Seiler, Sebastian Weichwald",https://papers.nips.cc//paper/2021/hash/e987eff4a7c7b7e580d659feb6f60c1a-Abstract.html,NeurIPS 2021
Causal-BALD: Deep Bayesian Active Learning of Outcomes to Infer Treatment-Effects from Observational Data,"Andrew Jesson, Panagiotis Tigas, Joost van Amersfoort, Andreas Kirsch, Uri Shalit, Yarin Gal",https://papers.nips.cc//paper/2021/hash/ffa4eb0e32349ae57f7a0ee8c7cd7c11-Abstract.html,NeurIPS 2021
Scalable Intervention Target Estimation in Linear Models,"Burak Varici, Karthikeyan Shanmugam, Prasanna Sattigeri, Ali Tajer",https://papers.nips.cc//paper/2021/hash/0b94ce08688c6389ce7b68c52ce3f8c7-Abstract.html,NeurIPS 2021
Can Information Flows Suggest Targets for Interventions in Neural Circuits?,"Praveen Venkatesh, Sanghamitra Dutta, Neil Mehta, Pulkit Grover",https://papers.nips.cc//paper/2021/hash/18de4beb01f6a17b6e1dfb9813ba6045-Abstract.html,NeurIPS 2021
Locally Valid and Discriminative Prediction Intervals for Deep Learning Models,"Zhen Lin, Shubhendu Trivedi, Jimeng Sun",https://papers.nips.cc//paper/2021/hash/46c7cb50b373877fb2f8d5c4517bb969-Abstract.html,NeurIPS 2021
Learning Treatment Effects in Panels with General Intervention Patterns,"Vivek Farias, Andrew Li, Tianyi Peng",https://papers.nips.cc//paper/2021/hash/7504adad8bb96320eb3afdd4df6e1f60-Abstract.html,NeurIPS 2021
Unintended Selection: Persistent Qualification Rate Disparities and Interventions,"Reilly Raab, Yang Liu",https://papers.nips.cc//paper/2021/hash/db00f1b7fdf48fd26b5fb5f309e9afaf-Abstract.html,NeurIPS 2021
Counterfactual Explanations Can Be Manipulated,"Dylan Slack, Anna Hilgard, Himabindu Lakkaraju, Sameer Singh",https://papers.nips.cc//paper/2021/hash/009c434cab57de48a31f6b669e7ba266-Abstract.html,NeurIPS 2021
Robust Counterfactual Explanations on Graph Neural Networks,"Mohit Bajaj, Lingyang Chu, Zi Yu Xue, Jian Pei, Lanjun Wang, Peter Cho-Ho Lam, Yong Zhang",https://papers.nips.cc//paper/2021/hash/2c8c3a57383c63caef6724343eb62257-Abstract.html,NeurIPS 2021
Nested Counterfactual Identification from Arbitrary Surrogate Experiments,"Juan Correa, Sanghack Lee, Elias Bareinboim",https://papers.nips.cc//paper/2021/hash/36bedb6eb7152f39b16328448942822b-Abstract.html,NeurIPS 2021
Counterfactual Invariance to Spurious Correlations in Text Classification,"Victor Veitch, Alexander D'Amour, Steve Yadlowsky, Jacob Eisenstein",https://papers.nips.cc//paper/2021/hash/8710ef761bbb29a6f9d12e4ef8e4379c-Abstract.html,NeurIPS 2021
Designing Counterfactual Generators using Deep Model Inversion,"Jayaraman Thiagarajan, Vivek Sivaraman Narayanaswamy, Deepta Rajan, Jia Liang, Akshay Chaudhari, Andreas Spanias",https://papers.nips.cc//paper/2021/hash/8ca01ea920679a0fe3728441494041b9-Abstract.html,NeurIPS 2021
Counterfactual Maximum Likelihood Estimation for Training Deep Networks,"Xinyi Wang, Wenhu Chen, Michael Saxon, William Yang Wang",https://papers.nips.cc//paper/2021/hash/d30d0f522a86b3665d8e3a9a91472e28-Abstract.html,NeurIPS 2021
Making a (Counterfactual) Difference One Rationale at a Time,"Mitchell Plyler, Michael Green, Min Chi",https://papers.nips.cc//paper/2021/hash/f0f800c92d191d736c4411f3b3f8ef4a-Abstract.html,NeurIPS 2021
Counterfactual Explanations in Sequential Decision Making Under Uncertainty,"Stratis Tsirtsis, Abir De, Manuel Rodriguez",https://papers.nips.cc//paper/2021/hash/fd0a5a5e367a0955d81278062ef37429-Abstract.html,NeurIPS 2021
Empirical Gateaux Derivatives for Causal Inference,"Michael Jordan, Yixin Wang, Angela Zhou",https://openreview.net/pdf/f03f2bdc037556c8be11458802603ab1da87b2b5.pdf,NeurIPS 2022
A Causal Analysis of Harm,"Sander Beckers, Hana Chockler, Joseph Halpern",https://openreview.net/pdf/644587246f7887e4636819b9b688c5dc61c350d2.pdf,NeurIPS 2022
"New Definitions and Evaluations for Saliency Methods: Staying Intrinsic, Complete and Sound","Arushi Gupta, Nikunj Saunshi, Dingli Yu, Kaifeng Lyu, Sanjeev Arora",https://openreview.net/pdf/b8aa1d17b3e0f69d0aeb1184f6b305f15cdf688b.pdf,NeurIPS 2022
Root Cause Analysis of Failures in Microservices through Causal Discovery,"Muhammad Azam Ikram, Sarthak Chakraborty, Subrata Mitra, Shiv Saini, Saurabh Bagchi, Murat Kocaoglu",https://openreview.net/pdf/a6555d5120381366d6255e8a8e0cade9e023f68d.pdf,NeurIPS 2022
Exploring the Latent Space of Autoencoders with Interventional Assays,"Felix Leeb, Stefan Bauer, Michel Besserve, Bernhard Schölkopf",https://openreview.net/pdf/45214ae16aab6d97517ae85a6bce8d39911e5dd2.pdf,NeurIPS 2022
Performative Power,"Moritz Hardt, Meena Jagadeesan, Celestine Mendler-Dünner",https://openreview.net/pdf/e3e48406ee1598f04def638ce6ea090b7c7ac406.pdf,NeurIPS 2022
Debiased Machine Learning without Sample-Splitting for Stable Estimators,"Qizhao Chen, Vasilis Syrgkanis, Morgane Austern",https://openreview.net/pdf/e98d811f87587571bb7a4b0dc05a719c80d1da12.pdf,NeurIPS 2022
Amortized Inference for Causal Structure Learning,"Lars Lorch, Scott Sussex, Jonas Rothfuss, Andreas Krause, Bernhard Schölkopf",https://openreview.net/pdf/39ae68d96afca5e7216dc4591d238f0b53f65977.pdf,NeurIPS 2022
Uniqueness and Complexity of Inverse MDP Models,"Marcus Hutter, Steven Stenberg Hansen",https://openreview.net/pdf/9baa37d3491935753ed8841cd018f0ae3201c47a.pdf,NeurIPS 2022
Improving Multi-Task Generalization via Regularizing Spurious Correlation,"Ziniu Hu, Zhe Zhao, Xinyang Yi, Tiansheng Yao, Lichan Hong, Yizhou Sun, Ed H. Chi",https://openreview.net/pdf/80d486445c5428d5e12afb8ea66e34b9870718eb.pdf,NeurIPS 2022
Deep Counterfactual Estimation with Categorical Background Variables,Edward De Brouwer,https://openreview.net/pdf/e58597d1ec26804ef0b4836e3a5a3907b39eeb0a.pdf,NeurIPS 2022
Bayesian Causal Bandits with Backdoor Adjustment Prior,Anonymous,https://openreview.net/pdf/8999a2540b2c5eab861cb34bbdc083f9141ff562.pdf,NeurIPS 2022
Deep Learning Methods for Proximal Inference via Maximum Moment Restriction,"Benjamin Kompa, David Remy Bellamy, Tom Kolokotrones, James Robins, Andrew Beam",https://openreview.net/pdf/a51cc5686335d7de6146eb0253b4d54d38be6f61.pdf,NeurIPS 2022
Environment Diversification with Multi-head Neural Network for Invariant Learning,"Bo-Wei Huang, Keng-Te Liao, Chang-Sheng Kao, Shou-De Lin",https://openreview.net/pdf/eb788c073f58ae3e38fa6363bc307c111951e910.pdf,NeurIPS 2022
Active Bayesian Causal Inference,"Christian Toth, Lars Lorch, Christian Knoll, Andreas Krause, Franz Pernkopf, Robert Peharz, Julius Von Kügelgen",https://openreview.net/pdf/15dad395d8764f0b8e8dfea86393dd758e762be5.pdf,NeurIPS 2022
Evaluating Robustness to Dataset Shift via Parametric Robustness Sets,"Nikolaj Thams, Michael Oberst, David Sontag",https://openreview.net/pdf/5057b648be7036e8237d3867e5f9d4fc52ffbe7c.pdf,NeurIPS 2022
Can Linear Programs Have Adversarial Examples? A Causal Perspective,Anonymous,https://openreview.net/pdf/7967e8f70c0646a9a1080f8cbc9d029274d8c30b.pdf,NeurIPS 2022
Simple Unsupervised Object-Centric Learning for Complex and Naturalistic Videos,"Gautam Singh, Yi-Fu Wu, Sungjin Ahn",https://openreview.net/pdf/5d570536393f1f92bb8f21af749fcca305047adc.pdf,NeurIPS 2022
RISE: Robust Individualized Decision Learning with Sensitive Variables,"Xiaoqing Tan, Zhengling Qi, Christopher Warren Seymour, Lu Tang",https://openreview.net/pdf/e888207f161606938177d0b0c1e68f977bcf706b.pdf,NeurIPS 2022
An Adaptive Kernel Approach to Federated Learning of Heterogeneous Causal Effects,"Thanh Vinh Vo, Arnab Bhattacharyya, Young Lee, Tze-Yun Leong",https://openreview.net/pdf/581aeca7c8ad9b566c5e7bba3edcd75c2a6b0e0d.pdf,NeurIPS 2022
Estimating individual treatment effects under unobserved confounding using binary instruments,"Dennis Frauen, Stefan Feuerriegel",https://openreview.net/pdf/7ca27da6c763c0418f199e443bb2c15d00d67573.pdf,NeurIPS 2022
Partial Identification of Treatment Effects with Implicit Generative Models,"Vahid Balazadeh Meresht, Vasilis Syrgkanis, Rahul G Krishnan",https://openreview.net/pdf/fb53a5c0efb22ee5a76e02ff6a9357e4a87b90b6.pdf,NeurIPS 2022
Disentangling Causal Effects from Sets of Interventions in the Presence of Unobserved Confounders,"Olivier Jeunen, Ciarán M. Lee, Rishabh Mehrotra, Mounia Lalmas",https://openreview.net/pdf/52f060d1d3e6143c1b6706bb2c5daac9f3211fed.pdf,NeurIPS 2022
Causal Discovery in Probabilistic Networks with an Identifiable Causal Effect,"Sina Akbari, Fateme Jamshidi, Ehsan Mokhtarian, Matthew James Vowels, Jalal Etesami, Negar Kiyavash",https://openreview.net/pdf/09442de5baf5f58b485edb746dab73cf055e9f31.pdf,NeurIPS 2022
Debiased Causal Tree: Heterogeneous Treatment Effects Estimation with Unmeasured Confounding,"Caizhi Tang, Huiyuan Wang, Xinyu Li, Qing Cui, Ya-Lin Zhang, Feng Zhu, Longfei Li, JUN ZHOU, Linbo Jiang",https://openreview.net/pdf/919b78264f09f24ada9baf0192aa873b7cffc228.pdf,NeurIPS 2022
What's the Harm? Sharp Bounds on the Fraction Negatively Affected by Treatment,Nathan Kallus,https://openreview.net/pdf/9b5d5cadc5abd8cf61ab338a4333603ce25f377b.pdf,NeurIPS 2022
Provable Subspace Identification Under Post-Nonlinear Mixtures,"Qi Lyu, Xiao Fu",https://openreview.net/pdf/b2a9d51654a1d6e70253f3edc0aab97172ae4d74.pdf,NeurIPS 2022
Sample Constrained Treatment Effect Estimation,"Raghavendra Addanki, David Arbour, Tung Mai, Cameron N Musco, Anup Rao",https://openreview.net/pdf/baa6a29562c6ded0fe90828b61f371ef67365b39.pdf,NeurIPS 2022
Finding and Listing Front-door Adjustment Sets,"Hyunchai Jeong, Jin Tian, Elias Bareinboim",https://openreview.net/pdf/262b3f40af3110f4810394002f21ff5b66f41932.pdf,NeurIPS 2022
Off-Policy Evaluation for Episodic Partially Observable Markov Decision Processes under Non-Parametric Models,"Rui Miao, Zhengling Qi, Xiaoke Zhang",https://openreview.net/pdf/a9be97f439ac33de0761edbe1d4a8e984f6051d9.pdf,NeurIPS 2022
Causal Discovery in Linear Latent Variable Models Subject to Measurement Error,"Yuqin Yang, AmirEmad Ghassami, Mohamed S Nafea, Negar Kiyavash, Kun Zhang, Ilya Shpitser",https://openreview.net/pdf/23fbb4e22dbf762ff23548e2b3db360b6a963611.pdf,NeurIPS 2022
Invariant and Transportable Representations for Anti-Causal Domain Shifts,"Yibo Jiang, Victor Veitch",https://openreview.net/pdf/d6132d24124a8747af04af1750504fd6e7a55139.pdf,NeurIPS 2022
Counterfactual Neural Temporal Point Process for Estimating Causal Influence of Misinformation on Social Media,"Yizhou Zhang, Defu Cao, Yan Liu",https://openreview.net/pdf/8ed3263406935b21145720a6ef74e41809cadf62.pdf,NeurIPS 2022
Incrementality Bidding via Reinforcement Learning under Mixed and Delayed Rewards,"Ashwinkumar Badanidiyuru, Zhe Feng, Tianxi Li, Haifeng Xu",https://openreview.net/pdf/19e1a403405fa34fc25a0769ed97cad56c2bb755.pdf,NeurIPS 2022
A Unifying Framework of Off-Policy General Value Function Evaluation,"Tengyu Xu, Zhuoran Yang, Zhaoran Wang, Yingbin Liang",https://openreview.net/pdf/118984993e0853aa6e1a21da3f515fa29ce686f2.pdf,NeurIPS 2022
Using Embeddings for Causal Estimation of Peer Influence in Social Networks,"Irina Cristali, Victor Veitch",https://openreview.net/pdf/ece615b87a6a41dea6370491d140d4395317505f.pdf,NeurIPS 2022
Latent Hierarchical Causal Structure Discovery with Rank Constraints,"Biwei Huang, Charles Low, Feng Xie, Clark Glymour, Kun Zhang",https://openreview.net/pdf/0e01ff2cc4b10a00bf81d7bc06c83983cb40932c.pdf,NeurIPS 2022
Online Reinforcement Learning for Mixed Policy Scopes,"Junzhe Zhang, Elias Bareinboim",https://openreview.net/pdf/2edf3ab220b9044e78223d4401d432ae4fc73395.pdf,NeurIPS 2022
Generalizing Goal-Conditioned Reinforcement Learning with Variational Causal Reasoning,"Wenhao Ding, Haohong Lin, Bo Li, Ding Zhao",https://openreview.net/pdf/1d8c8e04928c62855001a368588868a5064f8a6a.pdf,NeurIPS 2022
Locating and Editing Factual Associations in GPT,"Kevin Meng, David Bau, Alex J Andonian, Yonatan Belinkov",https://openreview.net/pdf/2251da89103fd76eb12bd1b8f7251cc72b8c0152.pdf,NeurIPS 2022
Sequence Model Imitation Learning with Unobserved Contexts,"Gokul Swamy, Sanjiban Choudhury, Drew Bagnell, Steven Wu",https://openreview.net/pdf/9ede804f06698010059b7c1f3539b8c90c1088e0.pdf,NeurIPS 2022
Probable Domain Generalization via Quantile Risk Minimization,"Cian Eastwood, Alexander Robey, Shashank Singh, Julius Von Kügelgen, Hamed Hassani, George J. Pappas, Bernhard Schölkopf",https://openreview.net/pdf/37b3096e8bed8cf8296504f88eef7aae7d2d0b5d.pdf,NeurIPS 2022
Generative multitask learning mitigates target-causing confounding,"Taro Makino, Krzysztof J. Geras, Kyunghyun Cho",https://openreview.net/pdf/b8cde29df7f7e51462b0eb08c34613330b93d21a.pdf,NeurIPS 2022
Optimal Rates for Regularized Conditional Mean Embedding Learning,"Zhu Li, Dimitri Meunier, Mattes Mollenhauer, Arthur Gretton",https://openreview.net/pdf/67dfa1b6b54bc4656cc0574360e291fea228c060.pdf,NeurIPS 2022
"Interventions, Where and How? Experimental Design for Causal Models at Scale","Panagiotis Tigas, Yashas Annadani, Andrew Jesson, Bernhard Schölkopf, Yarin Gal, Stefan Bauer",https://openreview.net/pdf/8cc0d9dfddc5794e0c4cd9eec234655bd6dc3cc7.pdf,NeurIPS 2022
Staggered Rollout Designs Enable Causal Inference Under Interference Without Network Knowledge,"Mayleen Cortez, Matthew Eichhorn, Christina Yu",https://openreview.net/pdf/afcae7e248774c75efe8156a7cf09bd8a88cc631.pdf,NeurIPS 2022
MissDAG: Causal Discovery in the Presence of Missing Data with Continuous Additive Noise Models,"Erdun Gao, Ignavier Ng, Mingming Gong, Li Shen, Wei Huang, Tongliang Liu, Kun Zhang, Howard Bondell",https://openreview.net/pdf/437bc3dbfe7f1a765b81ca22e52d0e5a48ef2fdd.pdf,NeurIPS 2022
Interpolation and Regularization for Causal Learning,"Leena Chennuru Vankadara, Luca Rendsburg, Ulrike von Luxburg, Debarghya Ghoshdastidar",https://openreview.net/pdf/71f310e80c5745622ff754c246009e36ca68c61a.pdf,NeurIPS 2022
Off-Policy Evaluation with Policy-Dependent Optimization Response,"Wenshuo Guo, Michael Jordan, Angela Zhou",https://openreview.net/pdf/a76b25d5ffffe27a2381d2e3cf94bbf5615d08a2.pdf,NeurIPS 2022
Self-Supervised Learning of Brain Dynamics from Broad Neuroimaging Data,"Armin W Thomas, Christopher Ré, Russell A. Poldrack",https://openreview.net/pdf/7cd581346e5aabd0de5c02967280238c234645e5.pdf,NeurIPS 2022
Debiasing Graph Neural Networks via Learning Disentangled Causal Substructure,"Shaohua Fan, Xiao Wang, Yanhu Mo, Chuan Shi, Jian Tang",https://openreview.net/pdf/903bf15068c472a904e24a5ba6d1f505081d7ddd.pdf,NeurIPS 2022
Counterfactual Temporal Point Processes,"Kimia Noorbakhsh, Manuel Gomez Rodriguez",https://openreview.net/pdf/b113b0e192cc5e208893f8c8aa20849b8f943fe3.pdf,NeurIPS 2022
Causal Discovery in Heterogeneous Environments Under the Sparse Mechanism Shift Hypothesis,"Ronan Perry, Julius Von Kügelgen, Bernhard Schölkopf",https://openreview.net/pdf/a60ed52323046cdd82aeda01c4e312a04f221f80.pdf,NeurIPS 2022
DeepMed: Semiparametric Causal Mediation Analysis with Debiased Deep Learning,"Siqi Xu, Lin Liu, Zhonghua Liu",https://openreview.net/pdf/5fb00d308f7fa8b9e0b408e79bf338596e3849ac.pdf,NeurIPS 2022
XAI Establishes a Common Ground Between Machine Learning and Causality,Anonymous,https://openreview.net/pdf/5ee30d02bfaffb998301887c2b64815ccd5e6d2b.pdf,NeurIPS 2022
Towards Out-of-Distribution Sequential Event Prediction: A Causal Treatment,"Chenxiao Yang, Qitian Wu, Qingsong Wen, Zhiqiang Zhou, Liang Sun, Junchi Yan",https://openreview.net/pdf/b5224a60869a26365b6e70239acbac055a762b08.pdf,NeurIPS 2022
Causality-driven Hierarchical Structure Discovery for Reinforcement Learning,"Shaohui Peng, Xing Hu, Rui Zhang, Ke Tang, Jiaming Guo, Qi Yi, Ruizhi Chen, Xishan Zhang, Zidong Du, Ling Li, Qi Guo, Yunji Chen",https://openreview.net/pdf/eea996d76f5be10cc58150685734ae1341df7287.pdf,NeurIPS 2022
Causality Preserving Chaotic Transformation and Classification using Neurochaos Learning,"Harikrishnan N B, Aditi Kathpalia, Nithin Nagaraj",https://openreview.net/pdf/97ea0479f945849b36eeb17ca17ae49c56a677be.pdf,NeurIPS 2022
Conditional Independence Testing with Heteroskedastic Data and Applications to Causal Discovery,"Wiebke Günther, Urmi Ninad, Jonas Wahl, Jakob Runge",https://openreview.net/pdf/daa66212e29b72afb725d6b33d308b66631972e6.pdf,NeurIPS 2022
Temporally Disentangled Representation Learning,"Weiran Yao, Guangyi Chen, Kun Zhang",https://openreview.net/pdf/6593421e5e0e662ca3772c59ac045c9bd7d60c70.pdf,NeurIPS 2022
Truncated Matrix Power Iteration for Differentiable DAG Learning,"Zhen Zhang, Ignavier Ng, Dong Gong, Yuhang Liu, Ehsan M Abbasnejad, Mingming Gong, Kun Zhang, Javen Qinfeng Shi",https://openreview.net/pdf/112c885c99cabb7b11eb2485a9f52df772c25f7c.pdf,NeurIPS 2022
"Debiased, Longitudinal and Coordinated Drug Recommendation through Multi-Visit Clinic Records","Hongda Sun, Shufang Xie, Shuqi Li, Yuhan Chen, Ji-Rong Wen, Rui Yan",https://openreview.net/pdf/1c7a7894667f3ff25eddd3df217996e02026022b.pdf,NeurIPS 2022
Fast Instrument Learning with Faster Rates,"Ziyu Wang, Yuhao Zhou, Jun Zhu",https://openreview.net/pdf/f0de9f4b1fc508b6d01dc7ce0ac110fa2e367bc0.pdf,NeurIPS 2022
Causal Inference with Non-IID Data using Linear Graphical Models,"Chi Zhang, Karthika Mohan, Judea Pearl",https://openreview.net/pdf/5e95052c4f731527c649e24f9fdb9041467713ba.pdf,NeurIPS 2022
LOG: Active Model Adaptation for Label-Efficient OOD Generalization,"Jie-Jing Shao, Lan-Zhe Guo, Xiao-wen Yang, Yu-Feng Li",https://openreview.net/pdf/86632004500af63d603af486544c29034830ea88.pdf,NeurIPS 2022
ConfounderGAN: Protecting Image Data Privacy with Causal Confounder,"Qi Tian, Kun Kuang, Kelu Jiang, Furui Liu, Zhihua Wang, Fei Wu",https://openreview.net/pdf/ccd2f7e58abadd701838007b37b020d307d1bcee.pdf,NeurIPS 2022
Markovian Interference in Experiments,"Vivek Farias, Andrew A Li, Tianyi Peng, Andrew Zheng",https://openreview.net/pdf/45b225aaf16a3e3daa3ff020e83205c844f0916b.pdf,NeurIPS 2022
Scalable Sensitivity and Uncertainty Analyses for Causal-Effect Estimates of Continuous-Valued Interventions,"Andrew Jesson, Alyson Rose Douglas, Peter Manshausen, Maëlys Solal, Nicolai Meinshausen, Philip Stier, Yarin Gal, Uri Shalit",https://openreview.net/pdf/85df2df3e315d0bb4f8e7dd0d4adacda6969fa79.pdf,NeurIPS 2022
Bivariate Causal Discovery for Categorical Data via Classification with Optimal Label Permutation,Yang Ni,https://openreview.net/pdf/0e9136f70de63f82340b9a1aeb52f8b9ba0b197d.pdf,NeurIPS 2022
Doubly Robust Counterfactual Classification,"Kwangho Kim, Edward Kennedy, Jose Ramon Zubizarreta",https://openreview.net/pdf/33d0ff30e06ecc1b3f452edc693abd902a57a653.pdf,NeurIPS 2022
Direct Advantage Estimation,"Hsiao-Ru Pan, Nico Gürtler, Alexander Neitz, Bernhard Schölkopf",https://openreview.net/pdf/2034feeea360866283e7260d4033d51935034ab1.pdf,NeurIPS 2022
Transcormer: Transformer for Sentence Scoring with Sliding Language Modeling,"Kaitao Song, Yichong Leng, Xu Tan, Yicheng Zou, Tao Qin, Dongsheng Li",https://openreview.net/pdf/03b36781bae2804d817d397406e3f5697f2b0ebd.pdf,NeurIPS 2022
Transfer Learning on Heterogeneous Feature Spaces for Treatment Effects Estimation,"Ioana Bica, Mihaela van der Schaar",https://openreview.net/pdf/d8156b277b46b380ffb4e73d4c5425120caee7ab.pdf,NeurIPS 2022
Verification and search algorithms for causal DAGs,"Davin Choo, Kirankumar Shiragur, Arnab Bhattacharyya",https://openreview.net/pdf/b8842cd464fb59ad31cdabd91e54422703f5291d.pdf,NeurIPS 2022
Learning Causally Invariant Representations for Out-of-Distribution Generalization on Graphs,"Yongqiang Chen, Yonggang Zhang, Yatao Bian, Han Yang, MA KAILI, Binghui Xie, Tongliang Liu, Bo Han, James Cheng",https://openreview.net/pdf/abf2f3452d0b2aa0a9984c4869fcfdfbd5915418.pdf,NeurIPS 2022
Ultra-marginal Feature Importance,"Joseph Janssen, Vincent Guan",https://openreview.net/pdf/15967bf020f62acc902164b8e2cc77088cddc944.pdf,NeurIPS 2022
Cluster Randomized Designs for One-Sided Bipartite Experiments,"Jennifer Rogers Brennan, Vahab Mirrokni, Jean Pouget-Abadie",https://openreview.net/pdf/97fe760d737d6f975cdc78b241d67ef762d4e9e4.pdf,NeurIPS 2022
Falsification before Extrapolation in Causal Effect Estimation,"Zeshan Hussain, Michael Oberst, Ming-Chieh Shih, David Sontag",https://openreview.net/pdf/34d95cab44b168cd10582f422b869e1752c713b3.pdf,NeurIPS 2022
Memorization Without Overfitting:  Analyzing the Training Dynamics of Large Language Models,"Kushal Tirumala, Aram H. Markosyan, Luke Zettlemoyer, Armen Aghajanyan",https://openreview.net/pdf/759ba7b66f25eb8aceac5ae59a4cfe2b76b2abca.pdf,NeurIPS 2022
"Causal Identification under Markov equivalence: Calculus, Algorithm, and Completeness","Amin Jaber, Adele H Ribeiro, Jiji Zhang, Elias Bareinboim",https://openreview.net/pdf/e30e75e8c5a57580be1722a752002d6232f66832.pdf,NeurIPS 2022
Explainability Via Causal Self-Talk,"Nicholas Andrew Roy, Junkyung Kim, Neil Charles Rabinowitz",https://openreview.net/pdf/3dd46c7ad8f55eab186393fab8a58c570e68adc6.pdf,NeurIPS 2022
Diagnosing failures of fairness transfer across distribution shift in real-world medical settings,"Jessica Schrouff, Natalie Harris, Oluwasanmi O Koyejo, Ibrahim Alabdulmohsin, Eva Schnider, Krista Opsahl-Ong, Alexander Brown, Subhrajit Roy, Diana Mincu, Chrsitina Chen, Awa Dieng, Yuan Liu, Vivek Natarajan, Alan Karthikesalingam, Katherine A Heller, Silvia Chiappa, Alexander D'Amour",https://openreview.net/pdf/34a35ef826d0bfeea67edec13ce595e938196d1b.pdf,NeurIPS 2022
Sound and Complete Causal Identification with Latent Variables Given Local Background Knowledge,"Tian-Zuo Wang, Tian Qin, Zhi-Hua Zhou",https://openreview.net/pdf/3840cace8c4eb29cf3e19637a8ca6a458ab6b1e5.pdf,NeurIPS 2022
Weakly supervised causal representation learning,"Johann Brehmer, Pim De Haan, Phillip Lippe, Taco Cohen",https://openreview.net/pdf/071d6a537b07a4e13e5d5c54281aef134755a4ae.pdf,NeurIPS 2022
Biologically-plausible backpropagation through arbitrary timespans via local neuromodulators,"Yuhan Helena Liu, Stephen Smith, Stefan Mihalas, Eric Todd SheaBrown, Uygar Sümbül",https://openreview.net/pdf/9a8ed0919199b9268c4c1af2f0ad323784db1488.pdf,NeurIPS 2022
CLEAR: Generative Counterfactual Explanations on Graphs,"Jing Ma, Ruocheng Guo, Saumitra Mishra, Aidong Zhang, Jundong Li",https://openreview.net/pdf/bdde281f5e5e96be1f43e54ec7a3f1009a7837fa.pdf,NeurIPS 2022
Deep Multi-Modal Structural Equations For Causal Effect Estimation With Unstructured Proxies,"Shachi Deshpande, Kaiwen Wang, Dhruv Sreenivas, Zheng Li, Volodymyr Kuleshov",https://openreview.net/pdf/7b760d317a1719fb7347e4bd92e823a1cf92501b.pdf,NeurIPS 2022
GFlowCausal: Generative Flow Networks for Causal Discovery,"Wenqian Li, Yinchuan Li, Shengyu Zhu, yunfeng shao, Jianye HAO, Yan Pang",https://openreview.net/pdf/c5d6ca5b7daf6d21dd3bd22ec449e86ccc4d356c.pdf,NeurIPS 2022
ZIN: When and How to Learn Invariance Without Environment Partition?,"LIN Yong, Shengyu Zhu, Lu Tan, Peng Cui",https://openreview.net/pdf/05ad82ab6db220da5c5335a0d8d501ca838c88d3.pdf,NeurIPS 2022
CEBaB: Estimating the Causal Effects of Real-World Concepts on NLP Model Behavior,"Eldar David Abraham, Karel D'Oosterlinck, Amir Feder, Yair Ori Gat, Atticus Geiger, Christopher Potts, Roi Reichart, Zhengxuan Wu",https://openreview.net/pdf/e5bdcd0530b70fd32e8b4489e3449915e5ecc3e9.pdf,NeurIPS 2022
Large-Scale Differentiable Causal Discovery of Factor Graphs,"Romain Lopez, Jan-Christian Huetter, Jonathan Pritchard, Aviv Regev",https://openreview.net/pdf/7d9fac5506385b988a8fa278aa49f9b3b76f6c45.pdf,NeurIPS 2022
Adaptively Exploiting d-Separators with Causal Bandits,"Blair Bilodeau, Linbo Wang, Daniel M. Roy",https://openreview.net/pdf/377d66705a7cf80cc0f951939aec1650d5ce1a0b.pdf,NeurIPS 2022
Generalization Bounds for Estimating Causal Effects of Continuous Treatments,"Xin Wang, Shengfei Lyu, Xingyu Wu, Tianhao Wu, Huanhuan Chen",https://openreview.net/pdf/87b2b85d5430e66cdf2a3dc0285a49d31491568e.pdf,NeurIPS 2022
Factored Adaptation for Non-Stationary Reinforcement Learning,"Fan Feng, Biwei Huang, Kun Zhang, Sara Magliacane",https://openreview.net/pdf/7c6f4d8de12247bfe5f6c5a43ad2b42ede337b00.pdf,NeurIPS 2022
Multi-Instance Causal Representation Learning for Instance Label Prediction and Out-of-Distribution Generalization,"Weijia Zhang, Xuanhui Zhang, Han-Wen Deng, Min-Ling Zhang",https://openreview.net/pdf/6f9374196a8a3222236f25739edcfc9a46e5e8e2.pdf,NeurIPS 2022
Causally motivated multi-shortcut identification and removal,"Jiayun Zheng, Maggie Makar",https://openreview.net/pdf/6d0d9f01736fcaac4d533b0aad29290431598a71.pdf,NeurIPS 2022
Counterfactual Fairness with Partially Known Causal Graph,"Aoqi Zuo, Susan Wei, Tongliang Liu, Bo Han, Kun Zhang, Mingming Gong",https://openreview.net/pdf/ba19f298d5389d2123345240c306a4749f1f744f.pdf,NeurIPS 2022
Counterfactual harm,"Jonathan Richens, Rory Beard, Daniel H. Thompson",https://openreview.net/pdf/01f58c830d1009c9de4c354e754c5a764af8ad91.pdf,NeurIPS 2022
In the Eye of the Beholder: Robust Prediction with Causal User Modeling,"Amir Feder, Guy Horowitz, Yoav Wald, Roi Reichart, Nir Rosenfeld",https://openreview.net/pdf/b28e7e35018eab5ee2f308d7ba6404774fa5e330.pdf,NeurIPS 2022
Anticipating Performativity by Predicting from Predictions,"Celestine Mendler-Dünner, Frances Ding, Yixin Wang",https://openreview.net/pdf/1d22ed40972efdc28d0186d9fedde5f72cfa01a5.pdf,NeurIPS 2022
Learning Invariant Graph Representations for Out-of-Distribution Generalization,"Haoyang Li, Ziwei Zhang, Xin Wang, Wenwu Zhu",https://openreview.net/pdf/fda585530d70304c94b51885ea1bbf9bb50249f9.pdf,NeurIPS 2022
DAGMA: Learning DAGs via M-matrices and a Log-Determinant Acyclicity Characterization,"Kevin Bello, Bryon Aragam, Pradeep Kumar Ravikumar",https://openreview.net/pdf/f2fc1525056beaee98a5ea5a5ee2219994651c18.pdf,NeurIPS 2022
Independence Testing-Based Approach to Causal Discovery under Measurement Error and Linear Non-Gaussian Models,"Haoyue Dai, Peter Spirtes, Kun Zhang",https://openreview.net/pdf/1a6291c982dad80e0347add2e883ef1c88a424cd.pdf,NeurIPS 2022
Embodied Scene-aware Human Pose Estimation,"Zhengyi Luo, Shun Iwase, Ye Yuan, Kris M. Kitani",https://openreview.net/pdf/d18bf0d6b1ff8968f1f17475156ebc749bf7fbbb.pdf,NeurIPS 2022
Unsupervised Causal Generative Understanding of Images,"Titas Anciukevičius, Patrick Fox-Roberts, Edward Rosten, Paul Henderson",https://openreview.net/pdf/a5325ee2d77102a59af74f93c075e23e2578f1c9.pdf,NeurIPS 2022
Leveraging the Hints: Adaptive Bidding in Repeated First-Price Auctions,"Wei Zhang, Yanjun Han, Zhengyuan Zhou, Aaron Flores, Tsachy Weissman",https://openreview.net/pdf/341d114b9aff6d6f162475d617d05f287e4307b1.pdf,NeurIPS 2022
EAGER: Asking and Answering Questions for Automatic Reward Shaping in Language-guided RL,"Thomas Carta, Pierre-Yves Oudeyer, Olivier Sigaud, sylvain lamprier",https://openreview.net/pdf/5f4b870d9fec1e0d8a002f59fca7c03c78e1b188.pdf,NeurIPS 2022
JAWS: Auditing Predictive Uncertainty Under Covariate Shift,"Andrew Prinster, Anqi Liu, Suchi Saria",https://openreview.net/pdf/201167837b1c556cec7f88fd16763a9855f254af.pdf,NeurIPS 2022
Robust Anytime Learning of Markov Decision Processes,"Marnix Suilen, Thiago D. Simão, David Parker, Nils Jansen",https://openreview.net/pdf/5baa88b3a042a4bd351524215051b6ed64379acb.pdf,NeurIPS 2022
Concept Embedding Models: Beyond the Accuracy-Explainability Trade-Off,"Mateo Espinosa Zarlenga, Pietro Barbiero, Gabriele Ciravegna, Giuseppe Marra, Francesco Giannini, Michelangelo Diligenti, Zohreh Shams, Frederic Precioso, Stefano Melacci, Adrian Weller, Pietro Lio, Mateja Jamnik",https://openreview.net/pdf/ac6fb995d0c14fec4481f003690b3fe51638324c.pdf,NeurIPS 2022
Collaborative Linear Bandits with Adversarial Agents: Near-Optimal Regret Bounds,"Aritra Mitra, Arman Adibi, George J. Pappas, Hamed Hassani",https://openreview.net/pdf/70c233f24081c7e9a268dac12ea3821b6e135f43.pdf,NeurIPS 2022
Beyond Adult and COMPAS: Fair Multi-Class Prediction via Information Projection,"Wael Alghamdi, Hsiang Hsu, Haewon Jeong, Hao Wang, Peter Winston Michalak, Shahab Asoodeh, Flavio Calmon",https://openreview.net/pdf/10e1e03f1e605127cf5c951aab94629b2d2ee2dc.pdf,NeurIPS 2022
Fairness for Workers Who Pull the Arms: An Index Based Policy for Allocation of Restless Bandit Tasks,"Arpita Biswas, Jackson A. Killian, Paula Rodriguez Diaz, Susobhan Ghosh, Milind Tambe",https://openreview.net/pdf/6bef3b8e25fcddbcd0b67429de81b054bd3094bd.pdf,NeurIPS 2022
Addressing Leakage in Concept Bottleneck Models,"Marton Havasi, Sonali Parbhoo, Finale Doshi-Velez",https://openreview.net/pdf/35e64d2a56eb273c9c7d53583c7ba9a995b5bd1f.pdf,NeurIPS 2022
Neural Temporal Walks: Motif-Aware Representation Learning on Continuous-Time Dynamic Graphs,"Ming Jin, Yuan-Fang Li, Shirui Pan",https://openreview.net/pdf/2b32cd8e36bee3b94b511a10216a9382069e7677.pdf,NeurIPS 2022
Semantic uncertainty intervals for disentangled latent spaces,"Swami Sankaranarayanan, Anastasios Nikolas Angelopoulos, Stephen Bates, Yaniv Romano, Phillip Isola",https://openreview.net/pdf/0f5aeebbb3fcfc7e20f23f6b2b19a44249f60140.pdf,NeurIPS 2022
Learning Recourse on Instance Environment to Enhance Prediction Accuracy,"Lokesh Nagalapatti, Guntakanti Sai Koushik, Abir De, Sunita Sarawagi",https://openreview.net/pdf/12719cf43c7de26eda868de0c82a37d07b33b2b5.pdf,NeurIPS 2022
A hybrid approach to seismic deblending: when physics meets self-supervision,"Nick Luiken, Matteo Ravasi, Claire Emma Birnie",https://openreview.net/pdf/5a4320d93200a781dc92ad4eede3abb94620bed4.pdf,NeurIPS 2022
Active Exploration for Inverse Reinforcement Learning,"David Lindner, Andreas Krause, Giorgia Ramponi",https://openreview.net/pdf/45b86f1f0aa173824995dff495c14946145abf0e.pdf,NeurIPS 2022
When to Intervene: Learning Optimal Intervention Policies for Critical Events,"NIRANJAN DAMERA VENKATA, Chiranjib Bhattacharyya",https://openreview.net/pdf/893b8e0f2fcb4d027a1b7a36edc41766f7efdd2b.pdf,NeurIPS 2022
Assistive Teaching of Motor Control Tasks to Humans,"Megha Srivastava, Erdem Biyik, Suvir Mirchandani, Noah Goodman, Dorsa Sadigh",https://openreview.net/pdf/78f525555b766199ac13a81f281871956d14fcdd.pdf,NeurIPS 2022
Sound and Complete Verification of Polynomial Networks,"Elias Abad Rocamora, Mehmet Fatih Sahin, Fanghui Liu, Grigorios Chrysos, Volkan Cevher",https://openreview.net/pdf/4a9bdeeb4bb68c21cc2868209e1493c35a258dba.pdf,NeurIPS 2022
When to Ask for Help: Proactive Interventions in Autonomous Reinforcement Learning,"Annie Xie, Fahim Tajwar, Archit Sharma, Chelsea Finn",https://openreview.net/pdf/fe826806690c05d3568a42c2c3c7ed348b21b50c.pdf,NeurIPS 2022
DHRL: A Graph-Based Approach for Long-Horizon and Sparse Hierarchical Reinforcement Learning,"Seungjae Lee, Jigang Kim, Inkyu Jang, H. Jin Kim",https://openreview.net/pdf/18ce573be2bf16e21a90567cd1fb00a3962e5c5b.pdf,NeurIPS 2022
Undersampling is a Minimax Optimal Robustness Intervention in Nonparametric Classification,"Niladri Shekhar Chatterji, Saminul Haque, Tatsunori Hashimoto",https://openreview.net/pdf/300ac1fe116f4332cddf6310906954c16101f2e7.pdf,NeurIPS 2022
Online Decision Mediation,"Daniel Jarrett, Alihan Hüyük, Mihaela van der Schaar",https://openreview.net/pdf/69b36a79280ad85becce4aa44aa7684f44e4c4a1.pdf,NeurIPS 2022
Nearly-Tight Bounds for Testing Histogram Distributions,"Clement Louis Canonne, Ilias Diakonikolas, Daniel Kane, Sihan Liu",https://openreview.net/pdf/383cfec4e2cc405bd5d00764e0e4bcaa0dacf1d6.pdf,NeurIPS 2022
A Unified Analysis of Federated Learning with Arbitrary Client Participation,"Shiqiang Wang, Mingyue Ji",https://openreview.net/pdf/b5118035cf8fa09cda8a330be82623a983e5667f.pdf,NeurIPS 2022
Sparsity in Continuous-Depth Neural Networks,"Hananeh Aliee, Till Richter, Mikhail Solonin, Ignacio Ibarra, Fabian J Theis, Niki Kilbertus",https://openreview.net/pdf/a570886191dbf27e9ed6238de4088ab03f30ad3a.pdf,NeurIPS 2022
Provably Efficient Offline Multi-agent Reinforcement Learning via Strategy-wise Bonus,"Qiwen Cui, Simon Shaolei Du",https://openreview.net/pdf/1a68076edb15ebbba778ce12adcee2739b022ff0.pdf,NeurIPS 2022
Path Independent Equilibrium Models Can Better Exploit Test-Time Computation,"Cem Anil, Ashwini Pokle, Kaiqu Liang, Johannes Treutlein, Yuhuai Wu, Shaojie Bai, J Zico Kolter, Roger Baker Grosse",https://openreview.net/pdf/431d7eea944d6f56444932d78bb615bad6d7d4f6.pdf,NeurIPS 2022
A Statistical Online Inference Approach in Averaged Stochastic Approximation,"Chuhan Xie, Zhihua Zhang",https://openreview.net/pdf/74921c88d39b64e04aedac175cd5fc001f413e4a.pdf,NeurIPS 2022
Conformal Prediction with Temporal Quantile Adjustments,"Zhen Lin, Shubhendu Trivedi, Jimeng Sun",https://openreview.net/pdf/5ae38d8e392f0c9e4d03effd7853063cb51e82a0.pdf,NeurIPS 2022
Domain Adaptation meets Individual Fairness. And they get along.,"Debarghya Mukherjee, Felix Petersen, Mikhail Yurochkin, Yuekai Sun",https://openreview.net/pdf/a65577285d7cb030764f691b083ca66893d53bb0.pdf,NeurIPS 2022
Fair Infinitesimal Jackknife: Mitigating the Influence of Biased Training Data Points Without Refitting,"Prasanna Sattigeri, Soumya Ghosh, Inkit Padhi, Pierre Dognin, Kush R. Varshney",https://openreview.net/pdf/412d9f30fb4d87378f28546508a5299a683174bc.pdf,NeurIPS 2022
Conformalized Fairness via Quantile Regression,"Meichen Liu, Lei Ding, Dengdeng Yu, Wulong Liu, Linglong Kong, Bei Jiang",https://openreview.net/pdf/451fe3012194de76331ef775f6e2504aef9cf12a.pdf,NeurIPS 2022
C2FAR: Coarse-to-Fine Autoregressive Networks for Precise Probabilistic Forecasting,"Shane Bergsma, Tim Zeyl, Javad Rahimipour Anaraki, Lei Guo",https://openreview.net/pdf/743e2c6cca8fba86d5eda4bcf17aa381d912635f.pdf,NeurIPS 2022
Hedging as Reward Augmentation in Probabilistic Graphical Models,"Debarun Bhattacharjya, Radu Marinescu",https://openreview.net/pdf/ea617e5a04c9e431886c9aaca46d4267bb24a781.pdf,NeurIPS 2022
$\alpha$-ReQ : Assessing Representation Quality in Self-Supervised Learning by measuring eigenspectrum decay,"Kumar Krishna Agrawal, Arnab Kumar Mondal, Arna Ghosh, Blake Aaron Richards",https://openreview.net/pdf/962c8554c6655e9093f34e84c9de551b0be2a461.pdf,NeurIPS 2022
Bellman Residual Orthogonalization for Offline Reinforcement Learning,"Andrea Zanette, Martin J. Wainwright",https://openreview.net/pdf/8c8844620babca3b90b7cb4a22d16b8ce122d2b4.pdf,NeurIPS 2022
The Implicit Delta Method,"Nathan Kallus, James McInerney",https://openreview.net/pdf/9adef0e2aa5bbe0c143de7e8754a88c81b928d11.pdf,NeurIPS 2022
Conformal Off-Policy Prediction in Contextual Bandits,"Muhammad Faaiz Taufiq, Jean-Francois Ton, Rob Cornish, Yee Whye Teh, Arnaud Doucet",https://openreview.net/pdf/503f70183e55f32a57ae5422999939dc1d839a40.pdf,NeurIPS 2022
Spectral Bias in Practice: The Role of Function Frequency in Generalization,"Sara Fridovich-Keil, Raphael Gontijo-Lopes, Rebecca Roelofs",https://openreview.net/pdf/afc900fa4a8acccd9fc0239c1d2854dbc889b112.pdf,NeurIPS 2022
Smoothed Online Convex Optimization Based on Discounted-Normal-Predictor,"Lijun Zhang, Wei Jiang, Jinfeng Yi, Tianbao Yang",https://openreview.net/pdf/bcbdb17255f18e933f9f2b065236f75c35c09709.pdf,NeurIPS 2022
You Only Live Once: Single-Life Reinforcement Learning,"Annie S Chen, Archit Sharma, Sergey Levine, Chelsea Finn",https://openreview.net/pdf/9e30605d9d2a4f24cde68bf3001dae539130e3eb.pdf,NeurIPS 2022
Conformal Frequency Estimation with Sketched Data,"Matteo Sesia, Stefano Favaro",https://openreview.net/pdf/7883b04b42ed6db3776737909220510a2a330228.pdf,NeurIPS 2022
RKHS-SHAP: Shapley Values for Kernel Methods,"Siu Lun Chau, Robert Hu, Javier Gonzalez, Dino Sejdinovic",https://openreview.net/pdf/271c61749289a60534b66e2c1a14ddf0852ba292.pdf,NeurIPS 2022
Intrinsic Sliced Wasserstein Distances for Comparing Collections of Probability Distributions on Manifolds and Graphs,"Raif M. Rustamov, Subhabrata Majumdar",https://openreview.net/pdf/2de2ed2d6633c3e6444d2680c3ca57edcdb110e8.pdf,NeurIPS 2022
Autoregressive Search Engines: Generating Substrings as Document Identifiers,"Michele Bevilacqua, Giuseppe Ottaviano, Patrick Lewis, Scott Yih, Sebastian Riedel, Fabio Petroni",https://openreview.net/pdf/7c59983fe3f8fe62bb22b0bb2ffcd6e936aaedab.pdf,NeurIPS 2022
Split-kl and PAC-Bayes-split-kl Inequalities for Ternary Random Variables,"Yi-Shan Wu, Yevgeny Seldin",https://openreview.net/pdf/9c1e32048cf56eb7701b5b15bf49624ff745f626.pdf,NeurIPS 2022
Batch-Size Independent Regret Bounds for Combinatorial Semi-Bandits with Probabilistically Triggered Arms or Independent Arms,"Xutong Liu, Jinhang Zuo, Siwei Wang, Carlee Joe-Wong, John Lui, Wei Chen",https://openreview.net/pdf/31f78e06b9c1ceca0be15f4dad8868e1ae608bf6.pdf,NeurIPS 2022
LASSIE: Learning Articulated Shapes from Sparse Image Ensemble via 3D Part Discovery,"Chun-Han Yao, Wei-Chih Hung, Yuanzhen Li, Michael Rubinstein, Ming-Hsuan Yang, Varun Jampani",https://openreview.net/pdf/12fbfb832c8d7f76f0efd4cde94406044b0e9bca.pdf,NeurIPS 2022
Asymptotically Unbiased Instance-wise Regularized Partial AUC Optimization: Theory and Algorithm,"HuiYang Shao, Qianqian Xu, Zhiyong Yang, Shilong Bao, Qingming Huang",https://openreview.net/pdf/7935d2c44cd9e8a5d48a9d9669aa6e75cf040988.pdf,NeurIPS 2022
Dynamic Graph Neural Networks Under Spatio-Temporal Distribution Shift,"Zeyang Zhang, Xin Wang, Ziwei Zhang, Haoyang Li, Zhou Qin, Wenwu Zhu",https://openreview.net/pdf/d160ef4a1763452a37e8b0ae5ecd3ce3d3b9c4d0.pdf,NeurIPS 2022
COLD Decoding: Energy-based Constrained Text Generation with Langevin Dynamics,"Lianhui Qin, Sean Welleck, Daniel Khashabi, Yejin Choi",https://openreview.net/pdf/fe0a263d75885ee62e5ff2dd37effe9c01e46d87.pdf,NeurIPS 2022
Human-Robotic Prosthesis as Collaborating Agents for Symmetrical Walking,"Ruofan Wu, Junmin Zhong, Brent Abraham Wallace, Xiang Gao, He Huang, Jennie Si",https://openreview.net/pdf/615d916dca7be80e8a8a5dcfc0b28b14ac385074.pdf,NeurIPS 2022
Diffusion Visual Counterfactual Explanations,"Maximilian Augustin, Valentyn Boreiko, Francesco Croce, Matthias Hein",https://openreview.net/pdf/9d71ff8a3603af1728e57d1fb54743d83b2d68a1.pdf,NeurIPS 2022
MoCoDA: Model-based Counterfactual Data Augmentation,"Silviu Pitis, Elliot Creager, Ajay Mandlekar, Animesh Garg",https://openreview.net/pdf/e2b8315f170bd134366d1c4218baa82967f76da8.pdf,NeurIPS 2022
Predicting Cellular Responses to Novel Drug Perturbations at a Single-Cell Resolution,"Leon Hetzel, Simon Boehm, Niki Kilbertus, Stephan Günnemann, Mohammad Lotfollahi, Fabian J Theis",https://openreview.net/pdf/4414ec3406a562aad63390f9e44e8d8d9ba59269.pdf,NeurIPS 2022
Maximum-Likelihood Inverse Reinforcement Learning with Finite-Time Guarantees,"Siliang Zeng, Chenliang Li, Alfredo Garcia, Mingyi Hong",https://openreview.net/pdf/dec038d567378667191b282936f624a7dc2a68c7.pdf,NeurIPS 2022
PAC: Assisted Value Factorization with Counterfactual Predictions in Multi-Agent Reinforcement Learning,"Hanhan Zhou, Tian Lan, Vaneet Aggarwal",https://openreview.net/pdf/b4f500c3fd6965719ccaf920b5ec151833158c22.pdf,NeurIPS 2022
Off-Policy Evaluation for Action-Dependent Non-stationary Environments,"Yash Chandak, Shiv Shankar, Nathaniel D. Bastian, Bruno Castro da Silva, Emma Brunskill, Philip S. Thomas",https://openreview.net/pdf/c77a8425602c46a334ff8fb14ea2dcedf8bae512.pdf,NeurIPS 2022
Use-Case-Grounded Simulations for Explanation Evaluation,"Valerie Chen, Nari Johnson, Nicholay Topin, Gregory Plumb, Ameet Talwalkar",https://openreview.net/pdf/481b6b42f61aa36dd09b66870c737868a3412bfe.pdf,NeurIPS 2022
Rethinking Counterfactual Explanations as Local and Regional Counterfactual Policies,"Salim I. Amoukou, Nicolas J-B. Brunel",https://openreview.net/pdf/7c4ac2e5bd8b2710488e0fb22cfc096715ce8fe6.pdf,NeurIPS 2022
Finding Differences Between Transformers and ConvNets Using Counterfactual Simulation Testing,"Nataniel Ruiz, Sarah Adel Bargal, Cihang Xie, Kate Saenko, Stan Sclaroff",https://openreview.net/pdf/4527a7514ae02b855a64b40bf22528551e2063f7.pdf,NeurIPS 2022
Model-Free and Model-Based Policy Evaluation when Causality is Uncertain,David A Bruns-Smith,https://proceedings.mlr.press/v139/bruns-smith21a.html,ICML 2021
Integer Programming for Causal Structure Learning in the Presence of Latent Variables,"Rui Chen, Sanjeeb Dash, Tian Gao",https://proceedings.mlr.press/v139/chen21c.html,ICML 2021
How and Why to Use Experimental Data to Evaluate Methods for Observational Causal Inference,"Amanda M Gentzel, Purva Pruthi, David Jensen",https://proceedings.mlr.press/v139/gentzel21a.html,ICML 2021
Valid Causal Inference with (Some) Invalid Instruments,"Jason S Hartford, Victor Veitch, Dhanya Sridhar, Kevin Leyton-Brown",https://proceedings.mlr.press/v139/hartford21a.html,ICML 2021
Quantifying Ignorance in Individual-Level Causal-Effect Estimates under Hidden Confounding,"Andrew Jesson, Sören Mindermann, Yarin Gal, Uri Shalit",https://proceedings.mlr.press/v139/jesson21a.html,ICML 2021
Estimating Identifiable Causal Effects on Markov Equivalence Class through Double Machine Learning,"Yonghan Jung, Jin Tian, Elias Bareinboim",https://proceedings.mlr.press/v139/jung21b.html,ICML 2021
Generative Causal Explanations for Graph Neural Networks,"Wanyu Lin, Hao Lan, Baochun Li",https://proceedings.mlr.press/v139/lin21d.html,ICML 2021
Domain Generalization using Causal Matching,"Divyat Mahajan, Shruti Tople, Amit Sharma",https://proceedings.mlr.press/v139/mahajan21b.html,ICML 2021
Necessary and sufficient conditions for causal feature selection in time series with latent common causes,"Atalanti A Mastakouri, Bernhard Schölkopf, Dominik Janzing",https://proceedings.mlr.press/v139/mastakouri21a.html,ICML 2021
Proximal Causal Learning with Kernels: Two-Stage Estimation and Moment Restriction,"Afsaneh Mastouri, Yuchen Zhu, Limor Gultchin, Anna Korba, Ricardo Silva, Matt Kusner, Arthur Gretton, Krikamol Muandet",https://proceedings.mlr.press/v139/mastouri21a.html,ICML 2021
Causality-aware counterfactual confounding adjustment as an alternative to linear residualization in anticausal prediction tasks based on linear learners,Elias Chaibub Neto,https://proceedings.mlr.press/v139/neto21a.html,ICML 2021
Regularizing towards Causal Invariance: Linear Models with Proxies,"Michael Oberst, Nikolaj Thams, Jonas Peters, David Sontag",https://proceedings.mlr.press/v139/oberst21a.html,ICML 2021
Causal Curiosity: RL Agents Discovering Self-supervised Experiments for Causal Representation Learning,"Sumedh A Sontakke, Arash Mehrjou, Laurent Itti, Bernhard Schölkopf",https://proceedings.mlr.press/v139/sontakke21a.html,ICML 2021
Selecting Data Augmentation for Simulating Interventions,"Maximilian Ilse, Jakub M Tomczak, Patrick Forré",https://proceedings.mlr.press/v139/ilse21a.html,ICML 2021
Asymptotic Normality and Confidence Intervals for Prediction Risk of the Min-Norm Least Squares Estimator,"Zeng Li, Chuanlong Xie, Qinwen Wang",https://proceedings.mlr.press/v139/li21x.html,ICML 2021
Active Learning of Continuous-time Bayesian Networks through Interventions,"Dominik Linzner, Heinz Koeppl",https://proceedings.mlr.press/v139/linzner21a.html,ICML 2021
Deeply-Debiased Off-Policy Interval Estimation,"Chengchun Shi, Runzhe Wan, Victor Chernozhukov, Rui Song",https://proceedings.mlr.press/v139/shi21d.html,ICML 2021
Safe Reinforcement Learning Using Advantage-Based Intervention,"Nolan C Wagener, Byron Boots, Ching-An Cheng",https://proceedings.mlr.press/v139/wagener21a.html,ICML 2021
Conformal prediction interval for dynamic time-series,"Chen Xu, Yao Xie",https://proceedings.mlr.press/v139/xu21h.html,ICML 2021
Learning Queueing Policies for Organ Transplantation Allocation using Interpretable Counterfactual Survival Analysis,"Jeroen Berrevoets, Ahmed Alaa, Zhaozhi Qian, James Jordon, Alexander E. S. Gimson, Mihaela van der Schaar",https://proceedings.mlr.press/v139/berrevoets21a.html,ICML 2021
Counterfactual Credit Assignment in Model-Free Reinforcement Learning,"Thomas Mesnard, Theophane Weber, Fabio Viola, Shantanu Thakoor, Alaa Saade, Anna Harutyunyan, Will Dabney, Thomas S Stepleton, Nicolas Heess, Arthur Guez, Eric Moulines, Marcus Hutter, Lars Buesing, Remi Munos",https://proceedings.mlr.press/v139/mesnard21a.html,ICML 2021
Optimal Counterfactual Explanations in Tree Ensembles,"Axel Parmentier, Thibaut Vidal",https://proceedings.mlr.press/v139/parmentier21a.html,ICML 2021
A Language for Counterfactual Generative Models,"Zenna Tavares, James Koppel, Xin Zhang, Ria Das, Armando Solar-Lezama",https://proceedings.mlr.press/v139/tavares21a.html,ICML 2021
Minimum Cost Intervention Design for Causal Effect Identification,"Sina Akbari, Jalal Etesami, Negar Kiyavash",https://proceedings.mlr.press/v162/akbari22a.html,ICML 2022
End-to-End Balancing for Causal Continuous Treatment-Effect Estimation,"Taha Bahadori, Eric Tchetgen Tchetgen, David Heckerman",https://proceedings.mlr.press/v162/bahadori22a.html,ICML 2022
Causal structure-based root cause analysis of outliers,"Kailash Budhathoki, Lenon Minorics, Patrick Bloebaum, Dominik Janzing",https://proceedings.mlr.press/v162/budhathoki22a.html,ICML 2022
Entropic Causal Inference: Graph Identifiability,"Spencer Compton, Kristjan Greenewald, Dmitriy A Katz, Murat Kocaoglu",https://proceedings.mlr.press/v162/compton22a.html,ICML 2022
Deep Causal Metric Learning,"Xiang Deng, Zhongfei Zhang",https://proceedings.mlr.press/v162/deng22c.html,ICML 2022
On the Adversarial Robustness of Causal Algorithmic Recourse,"Ricardo Dominguez-Olmedo, Amir H Karimi, Bernhard Schölkopf",https://proceedings.mlr.press/v162/dominguez-olmedo22a.html,ICML 2022
Inducing Causal Structure for Interpretable Neural Networks,"Atticus Geiger, Zhengxuan Wu, Hanson Lu, Josh Rozner, Elisa Kreiss, Thomas Icard, Noah Goodman, Christopher Potts",https://proceedings.mlr.press/v162/geiger22a.html,ICML 2022
Causal Inference Through the Structural Causal Marginal Problem,"Luigi Gresele, Julius Von Kügelgen, Jonas Kübler, Elke Kirschbaum, Bernhard Schölkopf, Dominik Janzing",https://proceedings.mlr.press/v162/gresele22a.html,ICML 2022
Strategic Instrumental Variable Regression: Recovering Causal Relationships From Strategic Responses,"Keegan Harris, Dung Daniel T Ngo, Logan Stapleton, Hoda Heidari, Steven Wu",https://proceedings.mlr.press/v162/harris22a.html,ICML 2022
Neuron Dependency Graphs: A Causal Abstraction of Neural Networks,"Yaojie Hu, Jin Tian",https://proceedings.mlr.press/v162/hu22b.html,ICML 2022
On Measuring Causal Contributions via do-interventions,"Yonghan Jung, Shiva Kasiviswanathan, Jin Tian, Dominik Janzing, Patrick Bloebaum, Elias Bareinboim",https://proceedings.mlr.press/v162/jung22a.html,ICML 2022
Matching Learned Causal Effects of Neural Networks with Domain Priors,"Sai Srinivas Kancheti, Abbavaram Gowtham Reddy, Vineeth N Balasubramanian, Amit Sharma",https://proceedings.mlr.press/v162/kancheti22a.html,ICML 2022
Tell me why! Explanations support learning relational and causal structure,"Andrew K Lampinen, Nicholas Roy, Ishita Dasgupta, Stephanie Cy Chan, Allison Tam, James Mcclelland, Chen Yan, Adam Santoro, Neil C Rabinowitz, Jane Wang, Felix Hill",https://proceedings.mlr.press/v162/lampinen22a.html,ICML 2022
CITRIS: Causal Identifiability from Temporal Intervened Sequences,"Phillip Lippe, Sara Magliacane, Sindy Löwe, Yuki M Asano, Taco Cohen, Stratis Gavves",https://proceedings.mlr.press/v162/lippe22a.html,ICML 2022
Causal Transformer for Estimating Counterfactual Outcomes,"Valentyn Melnychuk, Dennis Frauen, Stefan Feuerriegel",https://proceedings.mlr.press/v162/melnychuk22a.html,ICML 2022
Causal Conceptions of Fairness and their Consequences,"Hamed Nilforoshan, Johann D Gaebler, Ravi Shroff, Sharad Goel",https://proceedings.mlr.press/v162/nilforoshan22a.html,ICML 2022
Validating Causal Inference Methods,"Harsh Parikh, Carlos Varjao, Louise Xu, Eric Tchetgen Tchetgen",https://proceedings.mlr.press/v162/parikh22a.html,ICML 2022
Score Matching Enables Causal Discovery of Nonlinear Additive Noise Models,"Paul Rolland, Volkan Cevher, Matthäus Kleindessner, Chris Russell, Dominik Janzing, Bernhard Schölkopf, Francesco Locatello",https://proceedings.mlr.press/v162/rolland22a.html,ICML 2022
Scalable Computation of Causal Bounds,"Madhumitha Shridharan, Garud Iyengar",https://proceedings.mlr.press/v162/shridharan22a.html,ICML 2022
Causal Imitation Learning under Temporally Correlated Noise,"Gokul Swamy, Sanjiban Choudhury, Drew Bagnell, Steven Wu",https://proceedings.mlr.press/v162/swamy22a.html,ICML 2022
Causal Dynamics Learning for Task-Independent State Abstraction,"Zizhao Wang, Xuesu Xiao, Zifan Xu, Yuke Zhu, Peter Stone",https://proceedings.mlr.press/v162/wang22ae.html,ICML 2022
ROCK: Causal Inference Principles for Reasoning about Commonsense Causality,"Jiayao Zhang, Hongming Zhang, Weijie Su, Dan Roth",https://proceedings.mlr.press/v162/zhang22am.html,ICML 2022
Certified Robustness Against Natural Language Attacks by Causal Intervention,"Haiteng Zhao, Chang Ma, Xinshuai Dong, Anh Tuan Luu, Zhi-Hong Deng, Hanwang Zhang",https://proceedings.mlr.press/v162/zhao22g.html,ICML 2022
IDYNO: Learning Nonparametric DAGs from Interventional Dynamic Data,"Tian Gao, Debarun Bhattacharjya, Elliot Nelson, Miao Liu, Yue Yu",https://proceedings.mlr.press/v162/gao22a.html,ICML 2022
Interventional Contrastive Learning with Meta Semantic Regularizer,"Wenwen Qiang, Jiangmeng Li, Changwen Zheng, Bing Su, Hui Xiong",https://proceedings.mlr.press/v162/qiang22a.html,ICML 2022
Continual Learning with Guarantees via Weight Interval Constraints,"Maciej Wołczyk, Karol Piczak, Bartosz Wójcik, Lukasz Pustelnik, Paweł Morawiecki, Jacek Tabor, Tomasz Trzcinski, Przemysław Spurek",https://proceedings.mlr.press/v162/wolczyk22a.html,ICML 2022
Fairness Interventions as (Dis)Incentives for Strategic Manipulation,"Xueru Zhang, Mohammad Mahdi Khalili, Kun Jin, Parinaz Naghizadeh, Mingyan Liu",https://proceedings.mlr.press/v162/zhang22l.html,ICML 2022
Meaningfully debugging model mistakes using conceptual counterfactual explanations,"Abubakar Abid, Mert Yuksekgonul, James Zou",https://proceedings.mlr.press/v162/abid22a.html,ICML 2022
A query-optimal algorithm for finding counterfactuals,"Guy Blanc, Caleb Koch, Jane Lange, Li-Yang Tan",https://proceedings.mlr.press/v162/blanc22a.html,ICML 2022
Counterfactual Transportability: A Formal Approach,"Juan D Correa, Sanghack Lee, Elias Bareinboim",https://proceedings.mlr.press/v162/correa22a.html,ICML 2022
Robust Counterfactual Explanations for Tree-Based Ensembles,"Sanghamitra Dutta, Jason Long, Saumitra Mishra, Cecilia Tilli, Daniele Magazzeni",https://proceedings.mlr.press/v162/dutta22a.html,ICML 2022
"Contrastive Mixture of Posteriors for Counterfactual Inference, Data Integration and Fairness","Adam Foster, Arpi Vezer, Craig A. Glastonbury, Paidi Creed, Samer Abujudeh, Aaron Sim",https://proceedings.mlr.press/v162/foster22a.html,ICML 2022
Equivalence Analysis between Counterfactual Regret Minimization and Online Mirror Descent,"Weiming Liu, Huacong Jiang, Bin Li, Houqiang Li",https://proceedings.mlr.press/v162/liu22e.html,ICML 2022
Continuous-Time Modeling of Counterfactual Outcomes Using Neural Controlled Differential Equations,"Nabeel Seedat, Fergus Imrie, Alexis Bellot, Zhaozhi Qian, Mihaela van der Schaar",https://proceedings.mlr.press/v162/seedat22b.html,ICML 2022
Partial Counterfactual Identification from Observational and Experimental Data,"Junzhe Zhang, Jin Tian, Elias Bareinboim",https://proceedings.mlr.press/v162/zhang22ab.html,ICML 2022
Learning from Counterfactual Links for Link Prediction,"Tong Zhao, Gang Liu, Daheng Wang, Wenhao Yu, Meng Jiang",https://proceedings.mlr.press/v162/zhao22e.html,ICML 2022
Counterfactual Prediction for Outcome-Oriented Treatments,"Hao Zou, Bo Li, Jiangang Han, Shuiping Chen, Xuetao Ding, Peng Cui",https://proceedings.mlr.press/v162/zou22a.html,ICML 2022
 Learning Individually Fair Classifier with Path-Specific Causal-Effect Constraint ,"Yoichi Chikahara, Shinsaku Sakaue, Akinori Fujino, Hisashi Kashima",https://proceedings.mlr.press/v130/chikahara21a.html,AIStats 2021
 An Analysis of the Adaptation Speed of Causal Models ,"Rémi Le Priol, Reza Babanezhad, Yoshua Bengio, Simon Lacoste-Julien",https://proceedings.mlr.press/v130/le-priol21a.html,AIStats 2021
 Regret Minimization for Causal Inference on Large Treatment Space ,"Akira Tanimoto, Tomoya Sakai, Takashi Takenouchi, Hisashi Kashima",https://proceedings.mlr.press/v130/tanimoto21a.html,AIStats 2021
 Bayesian Model Averaging for Causality Estimation and its Approximation based on Gaussian Scale Mixture Distributions ,Shunsuke Horii,https://proceedings.mlr.press/v130/horii21a.html,AIStats 2021
 Exploiting Equality Constraints in Causal Inference ,"Chi Zhang, Carlos Cinelli, Bryant Chen, Judea Pearl",https://proceedings.mlr.press/v130/zhang21c.html,AIStats 2021
 Budgeted and Non-Budgeted Causal Bandits ,"Vineet Nair, Vishakha Patil, Gaurav Sinha",https://proceedings.mlr.press/v130/nair21a.html,AIStats 2021
 Differentiable Causal Discovery Under Unmeasured Confounding ,"Rohit Bhattacharya, Tushar Nagarajan, Daniel Malinsky, Ilya Shpitser",https://proceedings.mlr.press/v130/bhattacharya21a.html,AIStats 2021
 Causal Inference with Selectively Deconfounded Data ,"Kyra Gan, Andrew Li, Zachary Lipton, Sridhar Tayur",https://proceedings.mlr.press/v130/gan21a.html,AIStats 2021
 Causal Modeling with Stochastic Confounders ,"Thanh Vinh Vo, Pengfei Wei, Wicher Bergsma, Tze Yun Leong",https://proceedings.mlr.press/v130/vinh-vo21a.html,AIStats 2021
 Causal Autoregressive Flows ,"Ilyes Khemakhem, Ricardo Monti, Robert Leech, Aapo Hyvarinen",https://proceedings.mlr.press/v130/khemakhem21a.html,AIStats 2021
 Causal Inference under Networked Interference and Intervention Policy Enhancement ,"Yunpu Ma, Volker Tresp",https://proceedings.mlr.press/v130/ma21c.html,AIStats 2021
 Learning Prediction Intervals for Regression: Generalization and Calibration ,"Haoxian Chen, Ziyi Huang, Henry Lam, Huajie Qian, Haofeng Zhang",https://proceedings.mlr.press/v130/chen21b.html,AIStats 2021
 Model updating after interventions paradoxically introduces bias ,"James Liley, Samuel Emerson, Bilal Mateen, Catalina Vallejos, Louis Aslett, Sebastian Vollmer",https://proceedings.mlr.press/v130/liley21a.html,AIStats 2021
 Generating Interpretable Counterfactual Explanations By Implicit Minimisation of Epistemic and Aleatoric Uncertainties ,"Lisa Schut, Oscar Key, Rory Mc Grath, Luca Costabello, Bogdan Sacaleanu, medb corcoran, Yarin Gal",https://proceedings.mlr.press/v130/schut21a.html,AIStats 2021
 Counterfactual Representation Learning with Balancing Weights ,"Serge Assaad, Shuxi Zeng, Chenyang Tao, Shounak Datta, Nikhil Mehta, Ricardo Henao, Fan Li, Lawrence Carin",https://proceedings.mlr.press/v130/assaad21a.html,AIStats 2021
 Obtaining Causal Information by Merging Datasets with MAXENT ,"Sergio H. Garrido Mejia, Elke Kirschbaum, Dominik Janzing",https://proceedings.mlr.press/v151/garrido-mejia22a.html,AIStats 2022
 Causally motivated shortcut removal using auxiliary labels ,"Maggie Makar, Ben Packer, Dan Moldovan, Davis Blalock, Yoni Halpern, Alexander D’Amour",https://proceedings.mlr.press/v151/makar22a.html,AIStats 2022
 Bayesian Inference and Partial Identification in Multi-Treatment Causal Inference with Unobserved Confounding ,"Jiajing Zheng, Alexander D’Amour, Alexander Franks",https://proceedings.mlr.press/v151/zheng22a.html,AIStats 2022
 Identifiable Energy-based Representations: An Application to Estimating Heterogeneous Causal Effects ,"Yao Zhang, Jeroen Berrevoets, Mihaela Van Der Schaar",https://proceedings.mlr.press/v151/zhang22b.html,AIStats 2022
 Almost Optimal Universal Lower Bound for Learning Causal DAGs with Atomic Interventions ,"Vibhor Porwal, Piyush Srivastava, Gaurav Sinha",https://proceedings.mlr.press/v151/porwal22a.html,AIStats 2022
 Identification in Tree-shaped Linear Structural Causal Models ,"Benito Van Der Zander, Marcel Wienöbst, Markus Bläser, Maciej Liskiewicz",https://proceedings.mlr.press/v151/van-der-zander22a.html,AIStats 2022
 Neural score matching for high-dimensional causal inference ,"Oscar Clivio, Fabian Falck, Brieuc Lehmann, George Deligiannidis, Chris Holmes",https://proceedings.mlr.press/v151/clivio22a.html,AIStats 2022
 Minimax Kernel Machine Learning for a Class of Doubly Robust Functionals with Application to Proximal Causal Inference ,"Amiremad Ghassami, Andrew Ying, Ilya Shpitser, Eric Tchetgen Tchetgen",https://proceedings.mlr.press/v151/ghassami22a.html,AIStats 2022
 GalilAI: Out-of-Task Distribution Detection using Causal Active Experimentation for Safe Transfer RL ,"Sumedh A. Sontakke, Stephen Iota, Zizhao Hu, Arash Mehrjou, Laurent Itti, Bernhard Schölkopf",https://proceedings.mlr.press/v151/sontakke22a.html,AIStats 2022
 Variance Minimization in the Wasserstein Space for Invariant Causal Prediction ,"Guillaume G. Martinet, Alexander Strzalkowski, Barbara Engelhardt",https://proceedings.mlr.press/v151/martinet22a.html,AIStats 2022
 Testing Granger Non-Causality in Panels with Cross-Sectional Dependencies ,"Lenon Minorics, Caner Turkmen, David Kernert, Patrick Bloebaum, Laurent Callot, Dominik Janzing",https://proceedings.mlr.press/v151/minorics22a.html,AIStats 2022
 Causal Effect Identification with Context-specific Independence Relations of Control Variables ,"Ehsan Mokhtarian, Fateme Jamshidi, Jalal Etesami, Negar Kiyavash",https://proceedings.mlr.press/v151/mokhtarian22a.html,AIStats 2022
 Parametric Bootstrap for Differentially Private Confidence Intervals ,"Cecilia Ferrando, Shufan Wang, Daniel Sheldon",https://proceedings.mlr.press/v151/ferrando22a.html,AIStats 2022
 Policy Learning for Optimal Individualized Dose Intervals ,"Guanhua Chen, Xiaomao Li, Menggang Yu",https://proceedings.mlr.press/v151/chen22c.html,AIStats 2022
 Efficient interventional distribution learning in the PAC framework ,"Arnab Bhattacharyya, Sutanu Gayen, Saravanan Kandasamy, Vedant Raval, Vinodchandran N. Variyam",https://proceedings.mlr.press/v151/bhattacharyya22a.html,AIStats 2022
 Counterfactual Explanation Trees: Transparent and Consistent Actionable Recourse with Decision Trees ,"Kentaro Kanamori, Takuya Takagi, Ken Kobayashi, Yuichi Ike",https://proceedings.mlr.press/v151/kanamori22a.html,AIStats 2022
 CF-GNNExplainer: Counterfactual Explanations for Graph Neural Networks ,"Ana Lucic, Maartje A. Ter Hoeve, Gabriele Tolomei, Maarten De Rijke, Fabrizio Silvestri",https://proceedings.mlr.press/v151/lucic22a.html,AIStats 2022
 Exploring Counterfactual Explanations Through the Lens of Adversarial Examples: A Theoretical and Empirical Analysis ,"Martin Pawelczyk, Chirag Agarwal, Shalmali Joshi, Sohini Upadhyay, Himabindu Lakkaraju",https://proceedings.mlr.press/v151/pawelczyk22a.html,AIStats 2022
Attainability and Optimality: The Equalized Odds Fairness Revisited,"Zeyu Tang, Kun Zhang",https://openreview.net/pdf/dc591ea570cd627061534d3621654bba6ca87be0.pdf,CLeaR 2022
Causal Structure Discovery between Clusters of Nodes Induced by Latent Factors,"Chandler Squires, Annie Yun, Eshaan Nichani, Raj Agrawal, Caroline Uhler",https://openreview.net/pdf/4c7bee1719d61a249e16db35d3bdebd586de7a5f.pdf,CLeaR 2022
Evidence-Based Policy Learning,"Jann Spiess, Vasilis Syrgkanis",https://openreview.net/pdf/62edebf7e274fc19bf38ed7dfcb48ec3df8f2e8b.pdf,CLeaR 2022
Causal Imputation via Synthetic Interventions,"Chandler Squires, Dennis Shen, Anish Agarwal, Devavrat Shah, Caroline Uhler",https://openreview.net/pdf/2facc43193d3c9d726e40f7989fcb55b30517a6d.pdf,CLeaR 2022
Learning Invariant Representations with Missing Data,"Mark Goldstein, Joern-Henrik Jacobsen, Olina Chau, Adriel Saporta, Aahlad Manas Puli, Rajesh Ranganath, Andrew Miller",https://openreview.net/pdf/3df453b72aac1465588ad674e855eaec426387f1.pdf,CLeaR 2022
Causal Discovery in Linear Structural Causal Models with Deterministic Relations,"Yuqin Yang, Mohamed S Nafea, AmirEmad Ghassami, Negar Kiyavash",https://openreview.net/pdf/b16670bb9a8166d69bdb0e7fca69146391a2c932.pdf,CLeaR 2022
Identifying Principal Stratum Causal Effects Conditional on a Post-treatment Intermediate Response,"Xiaoqing Tan, Judah Abberbock, Priya Rastogi, Gong Tang",https://openreview.net/pdf/8278c4df3c8dd982fda1b44cbce5cb7da37977d1.pdf,CLeaR 2022
Cause-effect inference through spectral independence in linear dynamical systems: theoretical foundations,"Michel Besserve, Naji Shajarisales, Dominik Janzing, Bernhard Schölkopf",https://openreview.net/pdf/d9b84302c139ffe60bb3f40311f79b319bf2ec34.pdf,CLeaR 2022
Towards efficient representation identification in supervised learning,"Kartik Ahuja, Divyat Mahajan, Vasilis Syrgkanis, Ioannis Mitliagkas",https://openreview.net/pdf/b298f20ddcf58734185537f3ed8f91aa8afe57d3.pdf,CLeaR 2022
Causal Discovery for Linear Mixed Data,"Yan Zeng, Shohei Shimizu, Hidetoshi Matsui, Fuchun Sun",https://openreview.net/pdf/80bba9774e7288486c53049563b4db6856f78a90.pdf,CLeaR 2022
Integrative $R$-learner of heterogeneous treatment effects combining experimental and observational studies,"Lili Wu, Shu Yang",https://openreview.net/pdf/a4b541a09d45668db070c829c52af5cef152c01c.pdf,CLeaR 2022
"Selection, Ignorability and Challenges With Causal Fairness ","Jake Fawkes, Robin Evans, Dino Sejdinovic",https://openreview.net/pdf/06e245c0b0d7270980438b68e2832c04067c3115.pdf,CLeaR 2022
Disentanglement via Mechanism Sparsity Regularization: A New Principle for Nonlinear ICA,"Sebastien Lachapelle, Pau Rodriguez, Yash Sharma, Katie E Everett, Rémi LE PRIOL, Alexandre Lacoste, Simon Lacoste-Julien",https://openreview.net/pdf/992741465e34407f875959ccffa7433c856c23c4.pdf,CLeaR 2022
Same Cause; Different Effects in the Brain,"Mariya Toneva, Jennifer Williams, Anand Bollu, Christoph Dann, Leila Wehbe",https://openreview.net/pdf/44cc951fcb57ca1a47bb2ec0e134899fcd11f7f3.pdf,CLeaR 2022
Relational Causal Models with Cycles: Representation and Reasoning,"Ragib Ahsan, David Arbour, Elena Zheleva",https://openreview.net/pdf/2ee013629a7b34679904bf16e23b30ab6696b92e.pdf,CLeaR 2022
A Uniformly Consistent Estimator of non-Gaussian Causal Effects Under the $k$-Triangle-Faithfulness Assumption,"Shuyan Wang, Peter Spirtes",https://openreview.net/pdf/bc7b45aefdb5ad4d69e68a4f24b9afd5e5fed501.pdf,CLeaR 2022
Can Humans Be out of the Loop?,"Junzhe Zhang, Elias Bareinboim",https://openreview.net/pdf/ded6ee0d3856b7342f4fe973f8b53dc3f7691f2e.pdf,CLeaR 2022
Identifying Coarse-grained Independent Causal Mechanisms with Self-supervision,"Xiaoyang Wang, Klara Nahrstedt, Oluwasanmi O Koyejo",https://openreview.net/pdf/3b1b258123c1a326f57d917d8b1ee16be6c23d0b.pdf,CLeaR 2022
Learning Causal Overhypotheses through Exploration in Children and Computational Models,"Eliza Kosoy, Adrian Liu, Jasmine L Collins, David Chan, Jessica B Hamrick, Nan Rosemary Ke, Sandy Huang, Bryanna Kaufmann, John Canny, Alison Gopnik",https://openreview.net/pdf/5a7ccd60497ba53ce7cb4d8c08fa67b2c68439cd.pdf,CLeaR 2022
Differentially Private Estimation of Heterogeneous Causal Effects,"Fengshi Niu, Harsha Nori, Brian Quistorff, Rich Caruana, Donald Ngwe, Aadharsh Kannan",https://openreview.net/pdf/72712af9b36ac4af4006e186945623a63ea08255.pdf,CLeaR 2022
CausalCity: Complex Simulations with Agency for Causal Discovery and Reasoning,"Daniel McDuff, Yale Song, Jiyoung Lee, Vibhav Vineet, Sai Vemprala, Nicholas Alexander Gyde, Hadi Salman, Shuang Ma, Kwanghoon Sohn, Ashish Kapoor",https://openreview.net/pdf/dab0e1de55bf5ec19e8e238845e330adabc3df12.pdf,CLeaR 2022
Partial Identification with Noisy Covariates: A Robust Optimization Approach,"Wenshuo Guo, Mingzhang Yin, Yixin Wang, Michael Jordan",https://openreview.net/pdf/e1406a39171680783aba296614172a44fd6bdbf7.pdf,CLeaR 2022
Typing assumptions improve identification in causal discovery,"PHILIPPE BROUILLARD, Perouz Taslakian, Alexandre Lacoste, Sebastien Lachapelle, Alexandre Drouin",https://openreview.net/pdf/18dcc08ae0a3084d7e3d24e9890fb2aa6221a278.pdf,CLeaR 2022
Estimating Social Influence from Observational Data,"Dhanya Sridhar, Caterina De Bacco, David Blei",https://openreview.net/pdf/7ad644dfbb1b8ed5d056790cdb5a76126487f9a5.pdf,CLeaR 2022
Non-parametric Inference Adaptive to Intrinsic Dimension,"Khashayar Khosravi, Greg Lewis, Vasilis Syrgkanis",https://openreview.net/pdf/4eb861314d0ff064ca757666102648129a2211f0.pdf,CLeaR 2022
Differentiable Causal Discovery Under Latent Interventions,"Gonçalo Rui Alves Faria, Andre Martins, Mario A. T. Figueiredo",https://openreview.net/pdf/20347c866f4b860898d34cb6404e55589d7c6a7e.pdf,CLeaR 2022
Interactive rank testing by betting,"Boyan Duan, Aaditya Ramdas, Larry Wasserman",https://openreview.net/pdf/f07c3c5d8225d3b0d47bab3d289265747e32c661.pdf,CLeaR 2022
VIM: Variational Independent Modules for Video Prediction,"Rim Assouel, Lluis Castrejon, Aaron Courville, Nicolas Ballas, Yoshua Bengio",https://openreview.net/pdf/59311ec34d21338e97e854a36aa8d9cdd44f5993.pdf,CLeaR 2022
Causal Bandits without prior knowledge using separating sets,"Arnoud De Kroon, Joris Mooij, Danielle Belgrave",https://openreview.net/pdf/98e546a3d59b6463dbf3ca3d2a495339b661177d.pdf,CLeaR 2022
Weakly Supervised Discovery of Semantic Attributes,"Ameen Ali Ali, Tomer Galanti, Evgenii Zheltonozhskii, Chaim Baskin, Lior Wolf",https://openreview.net/pdf/a3acaea4136ca80e607de1d3bb92ffc8fe606a11.pdf,CLeaR 2022
Equality Constraints in Linear Hawkes Processes,Søren Wengel Mogensen,https://openreview.net/pdf/6b9accd7df6757a53317223c45ef4ca96ea8b35d.pdf,CLeaR 2022
Data-driven exclusion criteria for instrumental variable studies,"Tony Liu, Patrick Lawlor, Lyle Ungar, Konrad Kording",https://openreview.net/pdf/e8f78eadaa095a9c09938dba5cfb13a4f480a7c2.pdf,CLeaR 2022
Info Intervention and its Causal Calculus,"Heyang Gong, ke zhu",https://openreview.net/pdf/04fef395741992e9303598bbb5d71adbec680e34.pdf,CLeaR 2022
A Multivariate Causal Discovery based on Post-Nonlinear Model,"Kento Uemura, Takuya Takagi, Kambayashi Takayuki, Hiroyuki Yoshida, Shohei Shimizu",https://openreview.net/pdf/ab7779806838d29da28610c90e8a98cca6b83c9b.pdf,CLeaR 2022
Simple data balancing achieves competitive worst-group-accuracy,"Badr Youbi Idrissi, Martin Arjovsky, Mohammad Pezeshki, David Lopez-Paz",https://openreview.net/pdf/7ccdcc7ed74a279dd152250ca891980e3937f89d.pdf,CLeaR 2022
Diffusion Causal Models for Counterfactual Estimation,"Pedro Sanchez, Sotirios A. Tsaftaris",https://openreview.net/pdf/3af61dd974860685594da0663bdf55c27aa57557.pdf,CLeaR 2022
Relating Graph Neural Networks to Structural Causal Models,Anonymous,https://openreview.net/pdf/221a8c5fd5337c60c4ad9e52a691baf0a07f8039.pdf,CLeaR 2022
Process Independence Testing in Proximal Graphical Event Models,"Debarun Bhattacharjya, Karthikeyan Shanmugam, Tian Gao, Dharmashankar Subramanian",https://openreview.net/pdf/bba54bcb1dd8cea581e39e6d427f2fed24921185.pdf,CLeaR 2022
Optimal Training of Fair Predictive Models,"Razieh Nabi, Daniel Malinsky, Ilya Shpitser",https://openreview.net/pdf/bd6c614b70f13cfb878bc29377988bb4c9c754c6.pdf,CLeaR 2022
Predictive State Propensity Subclassification (PSPS): A causal inference algorithm for data-driven propensity score stratification,"Joseph Kelly, Jing Kong, Georg M. Goerg",https://openreview.net/pdf/981ed32b2f559ab61762d9e91406168b4d7f73ec.pdf,CLeaR 2022
Fair Classification with Instance-dependent Label Noise,"Songhua Wu, Mingming Gong, Bo Han, Yang Liu, Tongliang Liu",https://openreview.net/pdf/f178aea7ea93daf15cc850bd767e2f30b31f40ff.pdf,CLeaR 2022
Efficient Reinforcement Learning with Prior Causal Knowledge,"Yangyi Lu, Amirhossein Meisami, Ambuj Tewari",https://openreview.net/pdf/4eaaf6e9c8eac564b1b7baef0f34e00cc5ff30ac.pdf,CLeaR 2022
Some Reflections on Drawing Causal Inference using Textual Data: Parallels Between Human Subjects and Organized Texts,"Bo Zhang, Jiayao Zhang",https://openreview.net/pdf/0dca1f1c4e87aa02835123d9004da4e63fab1129.pdf,CLeaR 2022
A Distance Covariance-based Kernel for Nonlinear Causal Clustering in Heterogeneous Populations,"Alex Markham, Richeek Das, Moritz Grosse-Wentrup",https://openreview.net/pdf/aee891f12651f13cacbd862f08741b317c57b87f.pdf,CLeaR 2022
Bivariate Causal Discovery via Conditional Divergence,"Bao Duong, Thin Nguyen",https://openreview.net/pdf/eae57ad5aba71256647fec5ddf551ca1be33dcf1.pdf,CLeaR 2022
On the Equivalence of Causal Models: A Category-Theoretic Approach,"Jun Otsuka, Hayato Saigo",https://openreview.net/pdf/f6ca1f901c906363b30de86972d4bb701ee7b42e.pdf,CLeaR 2022
Amortized Causal Discovery: Learning to Infer Causal Graphs from Time-Series Data,"Sindy Löwe, David Madras, Richard Zemel, Max Welling",https://openreview.net/pdf/ac8be60503edc1c4cf6d90f13b478f88f8e52da9.pdf,CLeaR 2022
Causal Explanations and XAI,Sander Beckers,https://openreview.net/pdf/873127b42c172bb819e52bd48da88f64084b249f.pdf,CLeaR 2022
Disentangling Controlled Effects for Hierarchical Reinforcement Learning,"Oriol Corcoll, Raul Vicente",https://openreview.net/pdf/3ce375ed7cc6d4c218ca6410d8b0694d503a6598.pdf,CLeaR 2022
Local Constraint-Based Causal Discovery under Selection Bias,"Philip Versteeg, Joris Mooij, Cheng Zhang",https://openreview.net/pdf/71d0148cb8d41252ff574183d9ff458b8a7f9a00.pdf,CLeaR 2022
